-- phpMyAdmin SQL Dump
-- version 4.5.1
-- http://www.phpmyadmin.net
--
-- Host: 127.0.0.1
-- Generation Time: Feb 09, 2017 at 08:03 PM
-- Server version: 10.1.13-MariaDB
-- PHP Version: 7.0.6

SET SQL_MODE = "NO_AUTO_VALUE_ON_ZERO";
SET time_zone = "+00:00";


/*!40101 SET @OLD_CHARACTER_SET_CLIENT=@@CHARACTER_SET_CLIENT */;
/*!40101 SET @OLD_CHARACTER_SET_RESULTS=@@CHARACTER_SET_RESULTS */;
/*!40101 SET @OLD_COLLATION_CONNECTION=@@COLLATION_CONNECTION */;
/*!40101 SET NAMES utf8mb4 */;

--
-- Database: `db_aqualytics`
--

DELIMITER $$
--
-- Procedures
--
CREATE DEFINER=`root`@`localhost` PROCEDURE `get_monthly_report` (IN `m` INT)  BEGIN
	SELECT * FROM `water_data` WHERE MONTH(water_data.date_created) = m;
END$$

DELIMITER ;

-- --------------------------------------------------------

--
-- Table structure for table `device`
--

CREATE TABLE `device` (
  `device_id` int(11) NOT NULL,
  `address` text NOT NULL,
  `lat` decimal(65,8) NOT NULL,
  `lng` decimal(65,8) NOT NULL,
  `user_id` int(11) NOT NULL
) ENGINE=InnoDB DEFAULT CHARSET=latin1;

--
-- Dumping data for table `device`
--

INSERT INTO `device` (`device_id`, `address`, `lat`, `lng`, `user_id`) VALUES
(1, 'Baloy Beach', '14.84838085', '120.25184155', 1),
(2, 'Pundaquit Beach', '14.92093154', '120.06119013', 1),
(3, 'Adams Beach', '14.86289917', '120.23501873', 1),
(4, 'Obando', '14.72234177', '120.92462540', 3),
(5, 'Manila Ocean Park', '14.57926402', '120.97234726', 3),
(6, 'caloocan', '14.74682916', '121.04358673', 3),
(8, 'Rodriguez', '14.74931925', '121.20872498', 3),
(9, 'Binangonan', '14.46227475', '121.20597839', 3);

-- --------------------------------------------------------

--
-- Table structure for table `notif`
--

CREATE TABLE `notif` (
  `id` int(11) NOT NULL,
  `date_created` timestamp NOT NULL DEFAULT CURRENT_TIMESTAMP,
  `category` varchar(50) NOT NULL,
  `title` varchar(255) NOT NULL,
  `description` text NOT NULL,
  `device_id` int(11) NOT NULL,
  `status` varchar(10) NOT NULL DEFAULT 'unread'
) ENGINE=InnoDB DEFAULT CHARSET=latin1;

--
-- Dumping data for table `notif`
--

INSERT INTO `notif` (`id`, `date_created`, `category`, `title`, `description`, `device_id`, `status`) VALUES
(1, '2017-01-02 23:52:50', 'ph', 'High PH Level', 'PH Level at 9. There is a possible grow of algae.', 1, 'read'),
(2, '2017-01-02 23:53:44', 'ph', 'Low PH Level', 'PH Level at 6. Watch out about the PH Level.', 1, 'read'),
(3, '2017-01-03 00:07:26', 'temperature', 'Water almost freezing', 'Temperature Level at 4. There is a possible freezing of water.', 1, 'unread'),
(4, '2017-01-03 00:07:38', 'temperature', 'Water is on freezing point', 'Temperature Level at 0. Water is on its freezing point.', 1, 'unread'),
(5, '2017-01-03 00:41:00', 'temperature', 'Water is on freezing point', 'Temperature Level at 0. Water is on its freezing point.', 1, 'unread'),
(6, '2017-01-03 00:41:00', 'ph', 'High PH Level', 'PH Level at 9. There is a possible grow of algae.', 1, 'unread'),
(7, '2017-01-03 00:41:27', 'temperature', 'Water temperature is hot', 'Temperature Level at 39. Water is getting hotter.', 1, 'unread'),
(8, '2017-01-03 00:41:27', 'turbidty', 'Water is dirty', 'Turbidity Level at 39. Water is dirty.', 1, 'unread'),
(9, '2017-01-03 01:17:00', 'temperature', 'Water temperature is hot', 'Temperature Level at 32. Water is getting hotter.', 1, 'read'),
(10, '2017-01-03 01:17:00', 'ph', 'High PH Level', 'PH Level at 9. There is a possible grow of algae.', 1, 'read'),
(11, '2017-01-15 03:00:03', 'turbidty', 'Water is dirty', 'Turbidity Level at 24. Water is dirty.', 1, 'unread'),
(12, '2017-02-09 08:48:11', 'ph', 'High PH Level', 'PH Level at 10. There is a possible grow of algae.', 1, 'unread'),
(13, '2017-02-09 08:48:22', 'temperature', 'Water temperature is hot', 'Temperature Level at 34. Water is getting hotter.', 1, 'unread'),
(14, '2017-02-09 08:48:22', 'turbidty', 'Water is dirty', 'Turbidity Level at 34. Water is dirty.', 1, 'unread'),
(15, '2017-02-09 08:49:29', 'temperature', 'Water temperature is hot', 'Temperature Level at 34. Water is getting hotter.', 1, 'unread'),
(16, '2017-02-09 08:49:29', 'turbidty', 'Water is dirty', 'Turbidity Level at 34. Water is dirty.', 1, 'unread'),
(17, '2017-02-09 08:49:37', 'temperature', 'Water temperature is hot', 'Temperature Level at 34. Water is getting hotter.', 1, 'unread'),
(18, '2017-02-09 08:49:37', 'turbidty', 'Water is dirty', 'Turbidity Level at 34. Water is dirty.', 1, 'unread'),
(19, '2017-02-09 08:50:42', 'temperature', 'Water temperature is hot', 'Temperature Level at 34. Water is getting hotter.', 1, 'unread'),
(20, '2017-02-09 08:50:42', 'turbidty', 'Water is dirty', 'Turbidity Level at 34. Water is dirty.', 1, 'unread'),
(21, '2017-02-09 08:51:16', 'ph', 'Low PH Level', 'PH Level at 5. Watch out about the PH Level.', 1, 'unread'),
(22, '2017-02-09 08:51:16', 'temperature', 'Water temperature is hot', 'Temperature Level at 34. Water is getting hotter.', 1, 'unread'),
(23, '2017-02-09 08:51:17', 'turbidty', 'Water is dirty', 'Turbidity Level at 34. Water is dirty.', 1, 'unread'),
(24, '2017-02-09 08:51:46', 'ph', 'High PH Level', 'PH Level at 9. There is a possible grow of algae.', 1, 'unread'),
(25, '2017-02-09 08:51:46', 'temperature', 'Water temperature is hot', 'Temperature Level at 34. Water is getting hotter.', 1, 'unread'),
(26, '2017-02-09 08:51:47', 'turbidty', 'Water is dirty', 'Turbidity Level at 34. Water is dirty.', 1, 'unread'),
(27, '2017-02-09 08:57:53', 'ph', 'Very Low PH Level', 'PH Level at 3. Aquatic Resources are at risks.', 1, 'unread');

-- --------------------------------------------------------

--
-- Table structure for table `users`
--

CREATE TABLE `users` (
  `id` int(11) NOT NULL,
  `email` text NOT NULL,
  `password` varchar(50) NOT NULL DEFAULT 'default123',
  `firstname` text NOT NULL,
  `lastname` text NOT NULL,
  `user_type` varchar(20) NOT NULL
) ENGINE=InnoDB DEFAULT CHARSET=latin1;

--
-- Dumping data for table `users`
--

INSERT INTO `users` (`id`, `email`, `password`, `firstname`, `lastname`, `user_type`) VALUES
(1, 'gerald@email.com', '1234', 'Gerald', 'Austria', 'user'),
(2, 'admin', '12345', 'admin', 'admin', 'admin'),
(3, 'jgrace@email.com', 'default123', 'joanna', 'cavosora', 'user');

-- --------------------------------------------------------

--
-- Table structure for table `water_data`
--

CREATE TABLE `water_data` (
  `id` int(11) NOT NULL,
  `device_id` int(11) NOT NULL,
  `date_created` timestamp NOT NULL DEFAULT CURRENT_TIMESTAMP,
  `ph_level` int(11) NOT NULL,
  `temperature` decimal(10,2) NOT NULL,
  `turbidity` decimal(10,2) NOT NULL
) ENGINE=InnoDB DEFAULT CHARSET=latin1;

--
-- Dumping data for table `water_data`
--

INSERT INTO `water_data` (`id`, `device_id`, `date_created`, `ph_level`, `temperature`, `turbidity`) VALUES
(1, 1, '2016-10-04 08:00:00', 12, '43.54', '7.74'),
(2, 3, '2016-01-07 08:00:00', 14, '36.92', '9.56'),
(3, 1, '2016-12-06 08:00:00', 12, '27.99', '5.21'),
(4, 2, '2016-09-12 08:00:00', 9, '25.19', '4.69'),
(5, 3, '2016-02-03 08:00:00', 8, '38.09', '2.31'),
(6, 1, '2016-10-06 08:00:00', 9, '41.76', '3.47'),
(7, 3, '2016-02-22 08:00:00', 7, '28.99', '4.13'),
(8, 3, '2016-10-24 08:00:00', 8, '33.43', '0.23'),
(9, 3, '2016-01-08 08:00:00', 14, '46.87', '5.10'),
(10, 1, '2016-04-06 08:00:00', 3, '4.08', '3.53'),
(11, 1, '2016-05-19 08:00:00', 9, '57.53', '7.67'),
(12, 1, '2016-07-05 08:00:00', 14, '7.57', '6.24'),
(13, 2, '2016-04-18 08:00:00', 5, '41.74', '3.15'),
(14, 1, '2016-10-25 08:00:00', 4, '34.90', '9.89'),
(15, 2, '2016-03-30 08:00:00', 7, '27.26', '7.16'),
(16, 1, '2016-01-22 08:00:00', 12, '35.05', '8.72'),
(17, 2, '2016-07-01 08:00:00', 8, '12.52', '0.86'),
(18, 1, '2016-02-07 08:00:00', 9, '42.35', '9.75'),
(19, 3, '2016-12-24 08:00:00', 14, '54.78', '0.80'),
(20, 2, '2016-07-25 08:00:00', 6, '38.88', '9.53'),
(21, 3, '2016-10-07 08:00:00', 2, '55.48', '7.02'),
(22, 3, '2016-01-02 08:00:00', 13, '35.59', '1.95'),
(23, 1, '2016-06-15 08:00:00', 5, '15.72', '4.61'),
(24, 2, '2016-12-07 08:00:00', 5, '2.33', '3.97'),
(25, 1, '2016-06-08 08:00:00', 3, '13.47', '3.16'),
(26, 2, '2016-02-24 08:00:00', 9, '3.35', '7.08'),
(27, 1, '2016-06-05 08:00:00', 7, '57.92', '4.48'),
(28, 3, '2016-12-24 08:00:00', 3, '19.30', '6.81'),
(29, 2, '2016-01-09 08:00:00', 12, '29.41', '5.86'),
(30, 3, '2016-05-20 08:00:00', 2, '7.72', '7.44'),
(31, 3, '2016-04-29 08:00:00', 12, '18.22', '7.13'),
(32, 2, '2016-11-09 08:00:00', 6, '2.98', '6.15'),
(33, 2, '2016-09-22 08:00:00', 11, '14.74', '9.90'),
(34, 2, '2016-07-05 08:00:00', 2, '49.74', '2.73'),
(35, 3, '2016-03-17 08:00:00', 9, '36.54', '4.38'),
(36, 3, '2016-07-12 08:00:00', 11, '22.03', '5.14'),
(37, 2, '2016-03-31 08:00:00', 3, '49.21', '3.37'),
(38, 3, '2016-05-30 08:00:00', 2, '14.40', '0.09'),
(39, 3, '2016-04-28 08:00:00', 13, '0.43', '1.07'),
(40, 3, '2016-03-18 08:00:00', 1, '7.37', '2.93'),
(41, 2, '2016-01-09 08:00:00', 6, '48.41', '2.35'),
(42, 3, '2016-10-24 08:00:00', 5, '50.08', '8.12'),
(43, 3, '2016-03-01 08:00:00', 12, '42.29', '9.07'),
(44, 2, '2016-03-01 08:00:00', 14, '8.92', '2.16'),
(45, 2, '2016-04-20 08:00:00', 10, '18.18', '4.86'),
(46, 1, '2016-08-03 08:00:00', 2, '21.20', '1.03'),
(47, 2, '2016-12-21 08:00:00', 11, '27.33', '3.16'),
(48, 2, '2016-06-21 08:00:00', 11, '35.11', '7.01'),
(49, 1, '2016-07-04 08:00:00', 14, '12.66', '0.72'),
(50, 1, '2016-12-13 08:00:00', 10, '0.85', '7.23'),
(51, 2, '2016-07-01 08:00:00', 11, '53.83', '3.75'),
(52, 2, '2016-04-27 08:00:00', 10, '9.14', '2.09'),
(53, 1, '2016-06-25 08:00:00', 3, '19.38', '3.40'),
(54, 1, '2016-09-16 08:00:00', 10, '4.58', '8.58'),
(55, 1, '2016-05-01 08:00:00', 10, '59.11', '3.23'),
(56, 2, '2016-06-22 08:00:00', 6, '37.91', '3.00'),
(57, 2, '2016-09-11 08:00:00', 10, '57.55', '3.42'),
(58, 2, '2016-09-30 08:00:00', 14, '9.99', '0.70'),
(59, 3, '2016-08-31 08:00:00', 6, '35.93', '8.21'),
(60, 2, '2016-08-14 08:00:00', 7, '52.92', '0.19'),
(61, 2, '2016-01-20 08:00:00', 9, '59.09', '1.95'),
(62, 1, '2016-10-31 08:00:00', 4, '41.27', '1.25'),
(63, 2, '2016-08-24 08:00:00', 10, '55.17', '1.01'),
(64, 2, '2016-04-19 08:00:00', 6, '36.44', '1.62'),
(65, 2, '2016-02-01 08:00:00', 14, '16.71', '2.60'),
(66, 1, '2016-06-10 08:00:00', 14, '17.68', '6.76'),
(67, 3, '2016-02-24 08:00:00', 11, '59.23', '6.35'),
(68, 1, '2016-11-19 08:00:00', 10, '18.52', '9.11'),
(69, 1, '2016-08-02 08:00:00', 14, '25.71', '8.28'),
(70, 2, '2016-07-13 08:00:00', 11, '5.34', '7.54'),
(71, 2, '2016-08-16 08:00:00', 9, '53.87', '6.18'),
(72, 2, '2016-11-14 08:00:00', 6, '16.91', '3.88'),
(73, 3, '2016-08-27 08:00:00', 6, '21.65', '7.54'),
(74, 3, '2016-07-21 08:00:00', 6, '7.42', '3.62'),
(75, 3, '2016-01-04 08:00:00', 2, '42.45', '6.32'),
(76, 3, '2016-08-01 08:00:00', 10, '32.51', '7.36'),
(77, 2, '2016-05-29 08:00:00', 8, '31.92', '4.84'),
(78, 2, '2016-09-07 08:00:00', 2, '55.41', '1.08'),
(79, 1, '2016-02-06 08:00:00', 9, '17.16', '1.10'),
(80, 1, '2016-04-05 08:00:00', 6, '27.41', '4.85'),
(81, 3, '2016-11-23 08:00:00', 3, '40.08', '7.92'),
(82, 3, '2016-07-16 08:00:00', 6, '36.79', '2.65'),
(83, 1, '2016-10-06 08:00:00', 6, '16.32', '7.87'),
(84, 3, '2016-07-20 08:00:00', 7, '30.65', '8.94'),
(85, 3, '2016-11-07 08:00:00', 2, '0.54', '2.27'),
(86, 1, '2016-05-26 08:00:00', 6, '36.24', '2.31'),
(87, 2, '2016-11-19 08:00:00', 6, '24.38', '0.16'),
(88, 1, '2016-03-05 08:00:00', 13, '26.02', '4.53'),
(89, 2, '2016-11-18 08:00:00', 6, '25.58', '0.17'),
(90, 1, '2016-03-31 08:00:00', 8, '27.88', '0.27'),
(91, 2, '2016-07-05 08:00:00', 13, '14.56', '8.93'),
(92, 3, '2016-11-07 08:00:00', 13, '29.67', '8.15'),
(93, 3, '2016-11-10 08:00:00', 11, '22.82', '2.81'),
(94, 1, '2016-05-23 08:00:00', 12, '2.03', '7.30'),
(95, 1, '2016-12-16 08:00:00', 10, '54.34', '2.59'),
(96, 1, '2016-05-01 08:00:00', 7, '34.54', '9.01'),
(97, 3, '2016-11-09 08:00:00', 14, '53.95', '8.60'),
(98, 1, '2016-10-04 08:00:00', 11, '55.34', '7.71'),
(99, 3, '2016-05-17 08:00:00', 7, '37.43', '8.28'),
(100, 2, '2016-10-21 08:00:00', 10, '18.94', '3.29'),
(101, 1, '2016-02-19 08:00:00', 1, '37.15', '1.21'),
(102, 3, '2016-03-12 08:00:00', 7, '6.03', '3.57'),
(103, 1, '2016-02-19 08:00:00', 14, '20.17', '4.10'),
(104, 3, '2016-12-18 08:00:00', 1, '17.55', '3.51'),
(105, 2, '2016-11-19 08:00:00', 13, '28.16', '8.33'),
(106, 3, '2016-04-27 08:00:00', 13, '1.74', '8.37'),
(107, 1, '2016-11-22 08:00:00', 2, '52.08', '8.51'),
(108, 2, '2016-02-27 08:00:00', 3, '8.64', '2.91'),
(109, 1, '2016-07-19 08:00:00', 6, '38.71', '3.44'),
(110, 3, '2016-11-08 08:00:00', 4, '15.25', '8.96'),
(111, 3, '2016-04-29 08:00:00', 11, '17.63', '4.77'),
(112, 2, '2016-05-27 08:00:00', 12, '45.91', '8.38'),
(113, 3, '2016-01-04 08:00:00', 11, '19.86', '4.53'),
(114, 2, '2016-11-28 08:00:00', 6, '31.90', '0.07'),
(115, 2, '2016-09-06 08:00:00', 14, '10.09', '2.77'),
(116, 3, '2016-06-21 08:00:00', 2, '33.35', '5.46'),
(117, 3, '2016-11-06 08:00:00', 10, '27.38', '8.98'),
(118, 3, '2016-12-23 08:00:00', 14, '20.31', '1.23'),
(119, 3, '2016-11-03 08:00:00', 7, '57.32', '9.29'),
(120, 3, '2016-02-08 08:00:00', 14, '21.89', '2.45'),
(121, 1, '2016-09-02 08:00:00', 9, '24.89', '2.63'),
(122, 2, '2016-12-22 08:00:00', 6, '30.21', '1.44'),
(123, 3, '2016-02-20 08:00:00', 3, '52.34', '7.75'),
(124, 3, '2016-02-27 08:00:00', 3, '7.58', '4.81'),
(125, 3, '2016-02-02 08:00:00', 3, '49.17', '6.81'),
(126, 2, '2016-09-20 08:00:00', 10, '19.42', '1.80'),
(127, 3, '2016-08-15 08:00:00', 2, '46.80', '0.11'),
(128, 1, '2016-05-22 08:00:00', 4, '17.85', '3.77'),
(129, 2, '2016-03-28 08:00:00', 12, '47.12', '5.68'),
(130, 2, '2016-01-21 08:00:00', 11, '8.95', '6.93'),
(131, 2, '2016-04-22 08:00:00', 1, '2.99', '5.80'),
(132, 1, '2016-08-21 08:00:00', 4, '52.82', '0.81'),
(133, 3, '2016-05-11 08:00:00', 6, '11.60', '4.05'),
(134, 2, '2016-02-03 08:00:00', 7, '33.41', '1.94'),
(135, 3, '2016-05-23 08:00:00', 8, '27.49', '9.17'),
(136, 1, '2016-08-26 08:00:00', 12, '18.24', '0.03'),
(137, 2, '2016-08-09 08:00:00', 10, '44.13', '6.39'),
(138, 3, '2016-03-23 08:00:00', 11, '6.05', '3.67'),
(139, 2, '2016-02-29 08:00:00', 6, '20.79', '7.83'),
(140, 1, '2016-07-21 08:00:00', 1, '15.94', '2.19'),
(141, 2, '2016-11-09 08:00:00', 8, '24.46', '9.62'),
(142, 3, '2016-07-22 08:00:00', 10, '59.13', '0.24'),
(143, 3, '2016-05-23 08:00:00', 5, '7.08', '7.93'),
(144, 3, '2016-02-24 08:00:00', 14, '1.63', '5.59'),
(145, 2, '2016-12-11 08:00:00', 1, '56.10', '4.94'),
(146, 3, '2016-07-20 08:00:00', 7, '42.11', '5.45'),
(147, 2, '2016-10-02 08:00:00', 5, '48.85', '6.01'),
(148, 3, '2016-10-27 08:00:00', 10, '8.04', '5.72'),
(149, 3, '2016-08-05 08:00:00', 5, '34.96', '9.77'),
(150, 2, '2016-01-02 08:00:00', 8, '38.91', '0.52'),
(151, 1, '2016-09-10 08:00:00', 6, '15.36', '7.17'),
(152, 1, '2016-03-31 08:00:00', 3, '24.45', '8.84'),
(153, 1, '2016-12-30 08:00:00', 7, '27.00', '6.00'),
(154, 3, '2016-04-01 08:00:00', 14, '49.33', '2.76'),
(155, 1, '2016-01-02 08:00:00', 3, '15.97', '1.81'),
(156, 2, '2016-04-30 08:00:00', 13, '2.09', '0.77'),
(157, 2, '2016-06-28 08:00:00', 3, '54.11', '2.39'),
(158, 1, '2016-04-08 08:00:00', 8, '23.09', '0.09'),
(159, 1, '2016-05-29 08:00:00', 11, '54.94', '9.03'),
(160, 3, '2016-02-01 08:00:00', 12, '33.34', '7.74'),
(161, 3, '2016-11-16 08:00:00', 1, '15.46', '4.46'),
(162, 3, '2016-11-28 08:00:00', 4, '44.60', '6.68'),
(163, 1, '2016-12-08 08:00:00', 2, '14.20', '0.68'),
(164, 2, '2016-08-01 08:00:00', 7, '6.20', '6.68'),
(165, 2, '2016-02-24 08:00:00', 13, '49.39', '5.86'),
(166, 2, '2016-09-08 08:00:00', 2, '1.65', '1.25'),
(167, 2, '2016-05-30 08:00:00', 9, '55.93', '6.83'),
(168, 2, '2016-01-03 08:00:00', 5, '56.83', '9.01'),
(169, 1, '2016-06-27 08:00:00', 5, '51.86', '6.30'),
(170, 3, '2016-11-01 08:00:00', 13, '57.87', '9.06'),
(171, 1, '2016-09-22 08:00:00', 3, '16.96', '9.40'),
(172, 1, '2016-12-25 08:00:00', 3, '5.37', '2.96'),
(173, 2, '2016-01-03 08:00:00', 8, '50.70', '0.47'),
(174, 2, '2016-12-29 08:00:00', 2, '19.34', '2.89'),
(175, 3, '2016-06-08 08:00:00', 14, '26.35', '9.43'),
(176, 2, '2016-12-02 08:00:00', 14, '25.75', '2.83'),
(177, 1, '2016-09-03 08:00:00', 13, '46.92', '8.37'),
(178, 2, '2016-12-27 08:00:00', 7, '57.03', '0.33'),
(179, 2, '2016-11-17 08:00:00', 4, '14.29', '0.90'),
(180, 2, '2016-06-11 08:00:00', 7, '39.02', '8.09'),
(181, 1, '2016-11-29 08:00:00', 1, '18.47', '7.63'),
(182, 3, '2016-11-22 08:00:00', 9, '38.02', '0.59'),
(183, 1, '2016-12-03 08:00:00', 9, '45.86', '9.64'),
(184, 1, '2016-09-26 08:00:00', 1, '6.62', '4.40'),
(185, 3, '2016-02-06 08:00:00', 10, '54.03', '8.40'),
(186, 3, '2016-10-29 08:00:00', 10, '28.27', '1.54'),
(187, 2, '2016-09-17 08:00:00', 14, '6.46', '1.55'),
(188, 1, '2016-05-31 08:00:00', 8, '53.58', '7.75'),
(189, 3, '2016-02-18 08:00:00', 2, '34.61', '8.60'),
(190, 3, '2016-12-20 08:00:00', 5, '56.88', '0.63'),
(191, 3, '2016-03-04 08:00:00', 10, '28.03', '2.98'),
(192, 1, '2016-09-09 08:00:00', 6, '10.52', '1.24'),
(193, 3, '2016-01-17 08:00:00', 12, '23.49', '9.12'),
(194, 2, '2016-09-15 08:00:00', 7, '39.37', '9.28'),
(195, 1, '2016-05-18 08:00:00', 4, '3.09', '0.97'),
(196, 1, '2016-08-11 08:00:00', 6, '32.66', '8.27'),
(197, 2, '2016-11-18 08:00:00', 14, '21.96', '7.80'),
(198, 2, '2016-01-02 08:00:00', 1, '42.18', '1.25'),
(199, 1, '2016-01-17 08:00:00', 6, '25.23', '6.85'),
(200, 3, '2016-02-10 08:00:00', 4, '36.09', '1.17'),
(201, 3, '2016-04-23 08:00:00', 13, '17.60', '7.96'),
(202, 1, '2016-10-10 08:00:00', 6, '31.14', '7.04'),
(203, 1, '2016-02-25 08:00:00', 4, '27.57', '0.87'),
(204, 3, '2016-06-01 08:00:00', 14, '1.26', '5.92'),
(205, 2, '2016-12-24 08:00:00', 2, '54.49', '5.91'),
(206, 3, '2016-07-29 08:00:00', 1, '47.77', '6.61'),
(207, 3, '2016-07-13 08:00:00', 2, '29.38', '4.37'),
(208, 3, '2016-11-16 08:00:00', 11, '50.30', '2.49'),
(209, 3, '2016-08-16 08:00:00', 10, '35.32', '7.26'),
(210, 2, '2016-08-30 08:00:00', 13, '15.41', '1.06'),
(211, 2, '2016-09-08 08:00:00', 10, '36.23', '8.22'),
(212, 2, '2016-09-24 08:00:00', 9, '51.88', '9.83'),
(213, 2, '2016-06-17 08:00:00', 14, '36.11', '4.69'),
(214, 3, '2016-09-06 08:00:00', 3, '43.89', '8.90'),
(215, 2, '2016-10-28 08:00:00', 12, '34.92', '3.95'),
(216, 2, '2016-09-15 08:00:00', 2, '57.78', '6.38'),
(217, 2, '2016-09-19 08:00:00', 3, '53.03', '9.99'),
(218, 2, '2016-04-22 08:00:00', 11, '2.83', '9.83'),
(219, 3, '2016-06-16 08:00:00', 2, '54.85', '9.08'),
(220, 3, '2016-11-17 08:00:00', 13, '37.68', '5.64'),
(221, 3, '2016-11-11 08:00:00', 5, '54.24', '9.99'),
(222, 2, '2016-10-28 08:00:00', 6, '36.95', '7.03'),
(223, 2, '2016-09-16 08:00:00', 2, '26.23', '3.29'),
(224, 1, '2016-09-30 08:00:00', 11, '15.31', '8.47'),
(225, 2, '2016-09-27 08:00:00', 8, '58.69', '2.79'),
(226, 1, '2016-09-24 08:00:00', 2, '39.40', '6.38'),
(227, 1, '2016-08-30 08:00:00', 11, '40.07', '3.30'),
(228, 3, '2016-01-14 08:00:00', 3, '32.77', '8.28'),
(229, 1, '2016-02-10 08:00:00', 9, '48.10', '0.43'),
(230, 1, '2016-02-18 08:00:00', 6, '56.56', '7.68'),
(231, 2, '2016-10-05 08:00:00', 7, '19.15', '3.86'),
(232, 3, '2016-03-22 08:00:00', 1, '41.68', '0.47'),
(233, 1, '2016-05-29 08:00:00', 2, '8.31', '8.06'),
(234, 1, '2016-08-30 08:00:00', 8, '13.02', '9.12'),
(235, 3, '2016-05-09 08:00:00', 11, '41.27', '1.18'),
(236, 1, '2016-07-18 08:00:00', 6, '19.13', '2.07'),
(237, 1, '2016-12-28 08:00:00', 7, '55.69', '6.66'),
(238, 1, '2016-09-25 08:00:00', 5, '0.23', '0.31'),
(239, 1, '2016-10-15 08:00:00', 3, '15.70', '7.68'),
(240, 1, '2016-10-05 08:00:00', 9, '55.49', '5.29'),
(241, 1, '2016-03-28 08:00:00', 12, '52.75', '1.93'),
(242, 1, '2016-09-21 08:00:00', 7, '13.67', '5.87'),
(243, 3, '2016-04-14 08:00:00', 13, '45.51', '5.06'),
(244, 1, '2016-08-14 08:00:00', 6, '39.13', '7.82'),
(245, 1, '2016-01-25 08:00:00', 14, '35.47', '9.55'),
(246, 3, '2016-09-19 08:00:00', 2, '35.24', '9.76'),
(247, 3, '2016-07-22 08:00:00', 7, '15.79', '2.89'),
(248, 1, '2016-11-28 08:00:00', 8, '58.42', '3.18'),
(249, 1, '2016-06-04 08:00:00', 5, '3.51', '7.33'),
(250, 3, '2016-06-30 08:00:00', 12, '22.47', '9.02'),
(251, 3, '2016-09-13 08:00:00', 2, '27.92', '2.82'),
(252, 2, '2016-12-06 08:00:00', 12, '17.49', '3.82'),
(253, 2, '2016-03-07 08:00:00', 7, '58.92', '4.83'),
(254, 2, '2016-11-15 08:00:00', 8, '13.78', '5.82'),
(255, 1, '2016-09-26 08:00:00', 13, '3.28', '6.69'),
(256, 2, '2016-11-23 08:00:00', 5, '34.40', '0.53'),
(257, 2, '2016-07-29 08:00:00', 7, '32.88', '7.59'),
(258, 3, '2016-08-16 08:00:00', 12, '14.73', '3.36'),
(259, 3, '2016-03-22 08:00:00', 10, '57.12', '4.61'),
(260, 2, '2016-05-03 08:00:00', 5, '50.49', '3.18'),
(261, 3, '2016-09-30 08:00:00', 9, '50.94', '3.68'),
(262, 2, '2016-06-01 08:00:00', 2, '57.73', '2.55'),
(263, 1, '2016-04-16 08:00:00', 13, '24.84', '9.78'),
(264, 3, '2016-02-05 08:00:00', 6, '29.98', '6.47'),
(265, 2, '2016-01-30 08:00:00', 14, '35.46', '1.27'),
(266, 3, '2016-05-29 08:00:00', 3, '50.11', '8.61'),
(267, 3, '2016-02-29 08:00:00', 1, '23.94', '5.10'),
(268, 1, '2016-10-23 08:00:00', 13, '3.29', '6.31'),
(269, 1, '2016-12-16 08:00:00', 14, '38.01', '3.23'),
(270, 1, '2016-11-27 08:00:00', 9, '3.80', '0.52'),
(271, 1, '2016-10-26 08:00:00', 5, '24.79', '8.88'),
(272, 2, '2016-01-04 08:00:00', 12, '54.62', '4.55'),
(273, 2, '2016-06-27 08:00:00', 10, '56.59', '8.28'),
(274, 3, '2016-02-10 08:00:00', 1, '19.24', '1.28'),
(275, 3, '2016-07-18 08:00:00', 6, '56.40', '6.54'),
(276, 2, '2016-07-24 08:00:00', 13, '27.91', '5.00'),
(277, 3, '2016-03-16 08:00:00', 5, '26.18', '3.44'),
(278, 2, '2016-08-23 08:00:00', 10, '57.38', '6.68'),
(279, 3, '2016-06-19 08:00:00', 8, '27.80', '4.34'),
(280, 3, '2016-10-11 08:00:00', 7, '9.22', '7.28'),
(281, 1, '2016-06-10 08:00:00', 13, '59.57', '0.00'),
(282, 1, '2016-04-07 08:00:00', 1, '0.40', '5.88'),
(283, 1, '2016-03-09 08:00:00', 10, '2.19', '5.28'),
(284, 3, '2016-07-02 08:00:00', 7, '38.94', '6.73'),
(285, 3, '2016-06-18 08:00:00', 6, '33.34', '0.68'),
(286, 1, '2016-02-22 08:00:00', 4, '44.07', '1.59'),
(287, 3, '2016-06-23 08:00:00', 10, '21.23', '6.59'),
(288, 1, '2016-10-13 08:00:00', 8, '27.69', '7.73'),
(289, 2, '2016-04-19 08:00:00', 3, '18.53', '5.32'),
(290, 3, '2016-10-18 08:00:00', 7, '10.05', '9.07'),
(291, 3, '2016-07-14 08:00:00', 2, '7.78', '1.74'),
(292, 1, '2016-04-06 08:00:00', 6, '40.09', '6.18'),
(293, 1, '2016-05-24 08:00:00', 12, '56.26', '8.05'),
(294, 1, '2016-12-07 08:00:00', 12, '36.80', '2.33'),
(295, 1, '2016-07-21 08:00:00', 5, '7.00', '6.58'),
(296, 3, '2016-09-10 08:00:00', 2, '41.71', '4.87'),
(297, 3, '2016-11-01 08:00:00', 10, '10.49', '0.84'),
(298, 3, '2016-06-22 08:00:00', 6, '30.27', '6.83'),
(299, 3, '2016-10-20 08:00:00', 12, '22.12', '8.34'),
(300, 1, '2016-02-02 08:00:00', 8, '34.05', '4.19'),
(301, 2, '2016-07-11 08:00:00', 6, '57.29', '1.48'),
(302, 2, '2016-09-15 08:00:00', 1, '41.07', '6.85'),
(303, 2, '2016-11-01 08:00:00', 6, '48.19', '5.10'),
(304, 1, '2016-01-17 08:00:00', 6, '24.56', '7.17'),
(305, 1, '2016-03-25 08:00:00', 6, '56.33', '1.07'),
(306, 2, '2016-01-09 08:00:00', 5, '12.20', '2.21'),
(307, 3, '2016-08-25 08:00:00', 7, '59.44', '7.62'),
(308, 3, '2016-05-10 08:00:00', 9, '58.13', '6.99'),
(309, 1, '2016-04-18 08:00:00', 10, '2.56', '1.74'),
(310, 2, '2016-08-03 08:00:00', 5, '48.45', '2.34'),
(311, 2, '2016-04-11 08:00:00', 12, '58.35', '3.25'),
(312, 3, '2016-07-27 08:00:00', 13, '5.60', '4.66'),
(313, 3, '2016-01-05 08:00:00', 6, '27.55', '0.19'),
(314, 1, '2016-10-02 08:00:00', 9, '32.05', '8.43'),
(315, 1, '2016-05-25 08:00:00', 14, '40.06', '8.54'),
(316, 2, '2016-04-06 08:00:00', 12, '32.62', '6.40'),
(317, 2, '2016-02-26 08:00:00', 14, '34.47', '7.49'),
(318, 1, '2016-12-14 08:00:00', 14, '22.43', '1.66'),
(319, 3, '2016-09-23 08:00:00', 5, '49.80', '3.51'),
(320, 1, '2016-04-14 08:00:00', 14, '4.62', '3.84'),
(321, 2, '2016-07-16 08:00:00', 14, '33.80', '8.61'),
(322, 2, '2016-04-23 08:00:00', 3, '30.38', '4.36'),
(323, 1, '2016-10-02 08:00:00', 10, '11.82', '1.84'),
(324, 1, '2016-11-11 08:00:00', 7, '24.87', '5.53'),
(325, 2, '2016-09-14 08:00:00', 7, '35.04', '7.48'),
(326, 2, '2016-12-23 08:00:00', 12, '47.76', '9.81'),
(327, 2, '2016-03-22 08:00:00', 2, '28.96', '1.71'),
(328, 1, '2016-03-15 08:00:00', 6, '47.44', '3.80'),
(329, 2, '2016-10-18 08:00:00', 4, '31.84', '2.08'),
(330, 3, '2016-10-03 08:00:00', 13, '11.42', '8.96'),
(331, 1, '2016-01-11 08:00:00', 12, '9.16', '4.76'),
(332, 3, '2016-04-05 08:00:00', 10, '55.92', '3.20'),
(333, 2, '2016-02-02 08:00:00', 9, '25.42', '0.73'),
(334, 2, '2016-06-21 08:00:00', 14, '44.77', '4.92'),
(335, 1, '2016-04-03 08:00:00', 11, '9.61', '3.84'),
(336, 1, '2016-08-27 08:00:00', 13, '56.18', '2.85'),
(337, 3, '2016-10-29 08:00:00', 12, '39.00', '0.03'),
(338, 1, '2016-04-11 08:00:00', 3, '34.18', '2.76'),
(339, 3, '2016-05-09 08:00:00', 5, '6.75', '7.05'),
(340, 2, '2016-04-07 08:00:00', 3, '4.31', '0.20'),
(341, 3, '2016-06-06 08:00:00', 9, '8.02', '0.02'),
(342, 3, '2016-06-15 08:00:00', 1, '58.29', '2.74'),
(343, 2, '2016-12-20 08:00:00', 5, '5.39', '9.39'),
(344, 1, '2016-12-15 08:00:00', 10, '55.85', '8.88'),
(345, 1, '2016-09-16 08:00:00', 11, '59.03', '7.97'),
(346, 3, '2016-06-01 08:00:00', 7, '22.30', '5.93'),
(347, 2, '2016-01-01 08:00:00', 3, '58.06', '8.37'),
(348, 3, '2016-11-20 08:00:00', 14, '28.99', '4.70'),
(349, 3, '2016-12-01 08:00:00', 7, '40.39', '0.26'),
(350, 2, '2016-02-18 08:00:00', 13, '22.54', '4.24'),
(351, 2, '2016-04-25 08:00:00', 4, '57.33', '0.11'),
(352, 2, '2016-06-30 08:00:00', 3, '47.12', '4.95'),
(353, 1, '2016-04-08 08:00:00', 3, '39.63', '5.09'),
(354, 1, '2016-10-02 08:00:00', 10, '40.02', '3.01'),
(355, 2, '2016-11-04 08:00:00', 13, '1.34', '2.06'),
(356, 2, '2016-08-01 08:00:00', 12, '37.78', '4.16'),
(357, 2, '2016-05-16 08:00:00', 7, '32.27', '8.86'),
(358, 3, '2016-08-22 08:00:00', 10, '22.59', '4.27'),
(359, 2, '2016-11-22 08:00:00', 8, '21.47', '5.06'),
(360, 1, '2016-07-04 08:00:00', 4, '38.37', '5.64'),
(361, 3, '2016-08-03 08:00:00', 3, '37.25', '0.66'),
(362, 3, '2016-06-05 08:00:00', 14, '9.40', '2.37'),
(363, 2, '2016-07-01 08:00:00', 14, '25.05', '0.05'),
(364, 3, '2016-10-28 08:00:00', 12, '51.16', '9.38'),
(365, 1, '2016-03-07 08:00:00', 2, '28.52', '9.77'),
(366, 3, '2016-07-01 08:00:00', 14, '48.58', '1.13'),
(367, 2, '2016-07-01 08:00:00', 10, '13.94', '2.92'),
(368, 3, '2016-12-25 08:00:00', 6, '46.27', '2.42'),
(369, 2, '2016-08-21 08:00:00', 6, '42.61', '3.21'),
(370, 3, '2016-06-08 08:00:00', 3, '32.36', '9.20'),
(371, 1, '2016-06-24 08:00:00', 7, '10.03', '0.34'),
(372, 1, '2016-06-03 08:00:00', 3, '8.36', '1.77'),
(373, 2, '2016-04-09 08:00:00', 8, '25.07', '6.72'),
(374, 3, '2016-02-15 08:00:00', 2, '52.24', '5.68'),
(375, 1, '2016-07-02 08:00:00', 9, '40.31', '8.36'),
(376, 3, '2016-09-27 08:00:00', 5, '3.13', '7.97'),
(377, 2, '2016-07-25 08:00:00', 7, '38.85', '9.88'),
(378, 1, '2016-10-31 08:00:00', 6, '31.37', '8.51'),
(379, 2, '2016-08-20 08:00:00', 3, '19.83', '4.99'),
(380, 2, '2016-06-20 08:00:00', 14, '10.31', '5.03'),
(381, 1, '2016-06-09 08:00:00', 9, '59.41', '2.53'),
(382, 2, '2016-02-06 08:00:00', 8, '46.95', '1.83'),
(383, 3, '2016-03-09 08:00:00', 7, '47.16', '7.41'),
(384, 2, '2016-05-26 08:00:00', 10, '42.21', '3.75'),
(385, 3, '2016-02-21 08:00:00', 5, '39.29', '8.36'),
(386, 1, '2016-01-17 08:00:00', 9, '38.95', '1.55'),
(387, 1, '2016-06-20 08:00:00', 11, '40.42', '8.13'),
(388, 3, '2016-06-28 08:00:00', 9, '20.86', '4.15'),
(389, 1, '2016-01-03 08:00:00', 8, '23.12', '3.35'),
(390, 3, '2016-11-07 08:00:00', 14, '56.60', '3.83'),
(391, 3, '2016-09-13 08:00:00', 1, '32.00', '6.33'),
(392, 1, '2016-07-24 08:00:00', 6, '35.46', '4.92'),
(393, 2, '2016-06-19 08:00:00', 13, '15.13', '4.78'),
(394, 2, '2016-02-07 08:00:00', 14, '28.53', '1.00'),
(395, 1, '2016-12-01 08:00:00', 5, '14.40', '4.37'),
(396, 1, '2016-08-29 08:00:00', 6, '37.83', '6.98'),
(397, 2, '2016-01-05 08:00:00', 2, '38.51', '5.24'),
(398, 1, '2016-11-21 08:00:00', 4, '57.48', '3.31'),
(399, 3, '2016-07-23 08:00:00', 3, '17.56', '6.65'),
(400, 3, '2016-03-05 08:00:00', 5, '5.31', '4.92'),
(401, 3, '2016-08-16 08:00:00', 2, '41.32', '5.81'),
(402, 1, '2016-10-26 08:00:00', 12, '30.26', '0.40'),
(403, 2, '2016-05-19 08:00:00', 2, '50.04', '3.60'),
(404, 3, '2016-01-01 08:00:00', 2, '36.54', '2.67'),
(405, 2, '2016-07-01 08:00:00', 14, '34.20', '8.31'),
(406, 3, '2016-07-27 08:00:00', 11, '22.17', '9.26'),
(407, 2, '2016-10-13 08:00:00', 9, '32.60', '1.68'),
(408, 1, '2016-08-19 08:00:00', 1, '28.74', '1.57'),
(409, 1, '2016-04-16 08:00:00', 14, '52.37', '9.13'),
(410, 3, '2016-09-27 08:00:00', 4, '20.22', '6.84'),
(411, 1, '2016-01-29 08:00:00', 9, '28.13', '3.94'),
(412, 3, '2016-03-30 08:00:00', 1, '9.53', '6.86'),
(413, 2, '2016-05-26 08:00:00', 11, '8.02', '9.65'),
(414, 1, '2016-04-26 08:00:00', 12, '2.43', '0.19'),
(415, 2, '2016-12-21 08:00:00', 8, '55.20', '7.30'),
(416, 3, '2016-06-22 08:00:00', 3, '5.23', '1.86'),
(417, 3, '2016-12-08 08:00:00', 7, '22.40', '1.73'),
(418, 2, '2016-02-17 08:00:00', 6, '18.55', '9.96'),
(419, 1, '2016-08-28 08:00:00', 14, '55.32', '3.37'),
(420, 3, '2016-06-22 08:00:00', 12, '22.10', '0.82'),
(421, 3, '2016-03-27 08:00:00', 10, '50.91', '3.23'),
(422, 3, '2016-01-08 08:00:00', 3, '41.35', '3.06'),
(423, 3, '2016-11-21 08:00:00', 6, '28.47', '7.53'),
(424, 3, '2016-08-15 08:00:00', 9, '23.01', '8.41'),
(425, 3, '2016-10-03 08:00:00', 8, '10.40', '6.04'),
(426, 1, '2016-11-29 08:00:00', 11, '22.58', '4.07'),
(427, 3, '2016-06-13 08:00:00', 9, '44.11', '7.34'),
(428, 3, '2016-09-12 08:00:00', 3, '56.27', '8.48'),
(429, 1, '2016-10-21 08:00:00', 2, '25.13', '8.58'),
(430, 2, '2016-04-21 08:00:00', 9, '54.11', '7.64'),
(431, 2, '2016-08-24 08:00:00', 6, '13.99', '9.56'),
(432, 2, '2016-12-29 08:00:00', 1, '53.26', '9.05'),
(433, 2, '2016-08-11 08:00:00', 11, '53.32', '3.72'),
(434, 3, '2016-03-02 08:00:00', 10, '14.46', '2.05'),
(435, 3, '2016-07-16 08:00:00', 9, '58.65', '8.72'),
(436, 2, '2016-11-04 08:00:00', 13, '34.56', '1.34'),
(437, 1, '2015-12-31 08:00:00', 11, '6.21', '6.64'),
(438, 1, '2016-11-16 08:00:00', 14, '45.60', '3.41'),
(439, 1, '2016-02-21 08:00:00', 6, '43.51', '7.24'),
(440, 1, '2016-07-07 08:00:00', 2, '16.29', '8.88'),
(441, 2, '2016-04-09 08:00:00', 2, '25.56', '4.76'),
(442, 3, '2016-04-11 08:00:00', 2, '9.91', '9.49'),
(443, 3, '2016-04-03 08:00:00', 10, '21.17', '2.06'),
(444, 1, '2016-02-10 08:00:00', 8, '40.35', '3.86'),
(445, 1, '2016-07-05 08:00:00', 3, '32.27', '5.92'),
(446, 3, '2016-04-08 08:00:00', 8, '45.46', '4.04'),
(447, 2, '2016-05-05 08:00:00', 10, '42.04', '8.85'),
(448, 2, '2016-11-17 08:00:00', 10, '47.47', '6.53'),
(449, 1, '2016-06-08 08:00:00', 10, '43.23', '1.00'),
(450, 2, '2016-06-14 08:00:00', 7, '43.58', '3.32'),
(451, 3, '2016-01-18 08:00:00', 13, '24.91', '3.27'),
(452, 2, '2016-01-26 08:00:00', 12, '47.99', '9.40'),
(453, 3, '2016-11-13 08:00:00', 13, '45.07', '0.78'),
(454, 2, '2016-01-04 08:00:00', 11, '32.16', '5.44'),
(455, 1, '2016-07-23 08:00:00', 1, '16.85', '2.43'),
(456, 1, '2016-01-23 08:00:00', 5, '54.22', '9.14'),
(457, 2, '2016-12-09 08:00:00', 6, '30.96', '0.72'),
(458, 2, '2016-04-15 08:00:00', 9, '54.30', '4.22'),
(459, 3, '2016-07-31 08:00:00', 14, '54.78', '6.22'),
(460, 1, '2016-12-02 08:00:00', 11, '14.31', '0.94'),
(461, 1, '2016-09-05 08:00:00', 4, '33.50', '6.66'),
(462, 3, '2016-07-27 08:00:00', 7, '20.23', '6.28'),
(463, 3, '2016-08-09 08:00:00', 7, '30.13', '3.90'),
(464, 3, '2016-11-22 08:00:00', 11, '58.46', '3.78'),
(465, 2, '2016-07-07 08:00:00', 7, '51.53', '6.59'),
(466, 1, '2016-03-11 08:00:00', 9, '3.42', '3.53'),
(467, 2, '2016-01-29 08:00:00', 8, '59.89', '3.81'),
(468, 3, '2016-06-01 08:00:00', 9, '8.77', '1.26'),
(469, 1, '2016-02-29 08:00:00', 13, '39.25', '2.81'),
(470, 1, '2016-10-18 08:00:00', 12, '37.05', '7.68'),
(471, 1, '2016-11-03 08:00:00', 11, '18.07', '6.36'),
(472, 1, '2016-11-28 08:00:00', 13, '14.21', '5.74'),
(473, 1, '2016-11-24 08:00:00', 9, '40.17', '2.79'),
(474, 1, '2016-10-25 08:00:00', 6, '29.64', '9.05'),
(475, 3, '2016-09-24 08:00:00', 9, '34.58', '7.63'),
(476, 1, '2016-05-20 08:00:00', 11, '5.71', '4.99'),
(477, 2, '2016-05-20 08:00:00', 10, '8.69', '1.80'),
(478, 2, '2016-09-23 08:00:00', 8, '19.96', '8.19'),
(479, 2, '2016-03-03 08:00:00', 3, '7.22', '2.80'),
(480, 3, '2016-09-18 08:00:00', 8, '41.83', '7.14'),
(481, 3, '2016-01-24 08:00:00', 3, '49.79', '1.09'),
(482, 1, '2016-04-24 08:00:00', 14, '35.39', '9.82'),
(483, 1, '2016-05-16 08:00:00', 8, '55.79', '6.03'),
(484, 2, '2016-10-31 08:00:00', 11, '45.83', '9.31'),
(485, 2, '2016-11-17 08:00:00', 1, '47.04', '5.30'),
(486, 3, '2016-03-18 08:00:00', 2, '51.94', '9.86'),
(487, 1, '2016-06-21 08:00:00', 9, '46.87', '9.74'),
(488, 2, '2016-04-19 08:00:00', 6, '9.32', '4.65'),
(489, 1, '2016-07-08 08:00:00', 12, '40.47', '3.13'),
(490, 1, '2016-12-02 08:00:00', 9, '22.92', '4.58'),
(491, 1, '2016-12-13 08:00:00', 5, '29.89', '9.74'),
(492, 1, '2016-09-16 08:00:00', 11, '58.90', '9.45'),
(493, 1, '2016-11-12 08:00:00', 10, '56.54', '5.05'),
(494, 3, '2016-07-09 08:00:00', 3, '57.01', '0.74'),
(495, 1, '2016-02-09 08:00:00', 14, '45.68', '0.83'),
(496, 1, '2016-10-13 08:00:00', 8, '36.59', '9.65'),
(497, 1, '2016-07-27 08:00:00', 4, '14.17', '1.70'),
(498, 3, '2016-11-19 08:00:00', 9, '40.69', '7.53'),
(499, 1, '2016-10-25 08:00:00', 14, '55.38', '9.88'),
(500, 2, '2016-01-21 08:00:00', 1, '34.83', '6.47'),
(501, 3, '2016-07-11 08:00:00', 9, '13.55', '1.49'),
(502, 1, '2016-01-05 08:00:00', 5, '33.31', '6.12'),
(503, 3, '2016-07-27 08:00:00', 13, '54.40', '9.64'),
(504, 1, '2016-10-29 08:00:00', 12, '30.92', '9.78'),
(505, 1, '2016-07-17 08:00:00', 6, '35.73', '4.54'),
(506, 1, '2016-05-07 08:00:00', 4, '4.45', '6.82'),
(507, 3, '2016-09-09 08:00:00', 11, '21.87', '2.38'),
(508, 2, '2016-10-04 08:00:00', 1, '21.34', '3.39'),
(509, 2, '2016-11-08 08:00:00', 12, '9.67', '2.52'),
(510, 2, '2016-12-26 08:00:00', 14, '33.83', '8.42'),
(511, 3, '2016-11-21 08:00:00', 5, '36.99', '9.63'),
(512, 1, '2016-05-24 08:00:00', 2, '18.02', '5.55'),
(513, 2, '2016-11-02 08:00:00', 14, '35.31', '7.75'),
(514, 2, '2016-05-04 08:00:00', 3, '48.94', '1.07'),
(515, 3, '2016-12-22 08:00:00', 3, '43.84', '9.12'),
(516, 1, '2016-11-02 08:00:00', 7, '1.26', '3.04'),
(517, 3, '2016-12-16 08:00:00', 3, '54.84', '6.14'),
(518, 1, '2016-07-01 08:00:00', 5, '4.23', '6.90'),
(519, 1, '2016-12-30 08:00:00', 7, '27.00', '6.00'),
(520, 2, '2016-08-16 08:00:00', 9, '26.00', '2.90'),
(521, 3, '2016-03-10 08:00:00', 9, '38.16', '6.64'),
(522, 3, '2016-01-19 08:00:00', 11, '26.00', '3.96'),
(523, 2, '2016-01-13 08:00:00', 14, '29.83', '3.19'),
(524, 3, '2016-12-07 08:00:00', 6, '52.56', '0.50'),
(525, 1, '2016-01-22 08:00:00', 6, '13.84', '0.86'),
(526, 2, '2016-12-14 08:00:00', 10, '22.81', '4.97'),
(527, 2, '2016-09-28 08:00:00', 1, '32.54', '2.44'),
(528, 1, '2016-06-22 08:00:00', 13, '42.36', '3.49'),
(529, 1, '2016-02-01 08:00:00', 3, '50.68', '2.01'),
(530, 2, '2016-11-01 08:00:00', 4, '59.06', '1.89'),
(531, 3, '2016-08-29 08:00:00', 4, '37.40', '0.17'),
(532, 1, '2016-08-11 08:00:00', 8, '29.18', '1.33'),
(533, 3, '2016-08-26 08:00:00', 2, '10.57', '1.07'),
(534, 3, '2016-05-14 08:00:00', 6, '59.74', '0.06'),
(535, 3, '2016-07-18 08:00:00', 12, '48.14', '2.72'),
(536, 1, '2016-11-22 08:00:00', 8, '19.39', '1.57'),
(537, 3, '2016-06-27 08:00:00', 14, '49.48', '4.14'),
(538, 1, '2016-08-06 08:00:00', 8, '41.95', '9.41'),
(539, 3, '2016-07-21 08:00:00', 8, '41.39', '7.21'),
(540, 3, '2016-03-10 08:00:00', 14, '3.07', '3.25'),
(541, 1, '2016-10-28 08:00:00', 14, '51.08', '6.83'),
(542, 1, '2016-09-17 08:00:00', 11, '15.08', '3.90'),
(543, 3, '2016-10-09 08:00:00', 7, '32.01', '1.30'),
(544, 1, '2016-12-21 08:00:00', 11, '45.97', '0.06'),
(545, 3, '2016-01-01 08:00:00', 4, '1.78', '5.75'),
(546, 2, '2016-04-07 08:00:00', 12, '56.44', '5.15'),
(547, 2, '2016-11-15 08:00:00', 11, '47.99', '4.81'),
(548, 3, '2016-05-02 08:00:00', 10, '19.52', '2.34'),
(549, 2, '2016-12-07 08:00:00', 5, '5.49', '3.76'),
(550, 3, '2016-10-21 08:00:00', 7, '45.91', '8.45'),
(551, 1, '2016-06-22 08:00:00', 1, '25.45', '0.44'),
(552, 1, '2016-06-23 08:00:00', 4, '10.83', '2.26'),
(553, 2, '2016-04-01 08:00:00', 14, '28.83', '6.07'),
(554, 1, '2016-01-13 08:00:00', 12, '1.68', '5.58'),
(555, 1, '2016-02-06 08:00:00', 13, '11.37', '0.74'),
(556, 2, '2016-06-20 08:00:00', 4, '17.93', '2.40'),
(557, 1, '2016-09-16 08:00:00', 10, '31.74', '8.26'),
(558, 2, '2016-05-23 08:00:00', 11, '19.93', '1.00'),
(559, 1, '2016-07-08 08:00:00', 6, '18.64', '5.47'),
(560, 2, '2016-08-05 08:00:00', 9, '26.87', '8.63'),
(561, 2, '2016-07-10 08:00:00', 3, '56.60', '3.42'),
(562, 3, '2016-08-17 08:00:00', 1, '38.62', '5.26'),
(563, 2, '2016-11-12 08:00:00', 2, '47.39', '1.32'),
(564, 3, '2016-10-09 08:00:00', 13, '43.38', '5.76'),
(565, 2, '2016-02-16 08:00:00', 6, '27.39', '4.46'),
(566, 2, '2016-09-17 08:00:00', 14, '36.30', '9.80'),
(567, 2, '2016-12-27 08:00:00', 14, '4.94', '1.42'),
(568, 2, '2016-07-25 08:00:00', 2, '4.55', '9.23'),
(569, 2, '2016-03-03 08:00:00', 12, '38.68', '2.40'),
(570, 1, '2016-08-30 08:00:00', 10, '38.84', '2.66'),
(571, 2, '2016-03-05 08:00:00', 8, '4.96', '0.72'),
(572, 2, '2016-05-17 08:00:00', 5, '34.64', '0.41'),
(573, 2, '2016-01-16 08:00:00', 7, '4.06', '0.21'),
(574, 2, '2016-08-10 08:00:00', 4, '19.03', '7.85'),
(575, 2, '2016-09-23 08:00:00', 12, '55.25', '4.65'),
(576, 3, '2016-03-11 08:00:00', 5, '18.45', '9.73'),
(577, 1, '2016-02-14 08:00:00', 11, '38.64', '6.59'),
(578, 3, '2016-09-19 08:00:00', 14, '10.16', '5.36'),
(579, 2, '2016-10-20 08:00:00', 3, '5.30', '2.90'),
(580, 2, '2016-11-10 08:00:00', 2, '55.40', '8.14'),
(581, 1, '2016-02-26 08:00:00', 12, '58.56', '3.31'),
(582, 2, '2016-06-09 08:00:00', 7, '5.11', '9.65'),
(583, 2, '2016-11-24 08:00:00', 9, '37.83', '1.72'),
(584, 2, '2016-10-18 08:00:00', 3, '35.95', '9.38'),
(585, 1, '2016-05-30 08:00:00', 7, '4.58', '2.91'),
(586, 3, '2016-12-25 08:00:00', 14, '33.04', '1.24'),
(587, 3, '2016-04-26 08:00:00', 10, '26.37', '9.88'),
(588, 2, '2016-05-03 08:00:00', 5, '6.41', '0.71'),
(589, 2, '2016-04-21 08:00:00', 9, '26.95', '6.56'),
(590, 2, '2016-08-31 08:00:00', 8, '28.00', '4.49'),
(591, 3, '2016-11-02 08:00:00', 8, '20.06', '1.18'),
(592, 3, '2016-06-18 08:00:00', 9, '5.71', '3.14'),
(593, 2, '2016-06-27 08:00:00', 1, '39.86', '2.77'),
(594, 1, '2016-09-22 08:00:00', 9, '35.13', '1.39'),
(595, 1, '2016-05-13 08:00:00', 3, '51.78', '9.03'),
(596, 2, '2016-04-05 08:00:00', 10, '37.24', '7.46'),
(597, 3, '2016-02-18 08:00:00', 11, '20.06', '6.17'),
(598, 1, '2016-02-29 08:00:00', 3, '39.77', '6.71'),
(599, 2, '2016-12-06 08:00:00', 12, '2.82', '2.76'),
(600, 2, '2016-09-20 08:00:00', 10, '29.71', '0.84'),
(601, 2, '2016-03-02 08:00:00', 11, '7.64', '7.94'),
(602, 3, '2016-11-06 08:00:00', 9, '56.51', '1.86'),
(603, 1, '2016-03-01 08:00:00', 3, '30.13', '5.38'),
(604, 2, '2016-05-29 08:00:00', 9, '17.84', '6.91'),
(605, 2, '2016-07-12 08:00:00', 8, '45.79', '3.88'),
(606, 1, '2016-10-21 08:00:00', 10, '20.73', '1.86'),
(607, 1, '2016-11-03 08:00:00', 11, '3.05', '4.66'),
(608, 2, '2016-01-02 08:00:00', 9, '37.09', '4.42'),
(609, 3, '2016-11-06 08:00:00', 13, '57.18', '8.81'),
(610, 2, '2016-03-15 08:00:00', 6, '46.41', '3.19'),
(611, 3, '2016-04-22 08:00:00', 8, '46.41', '4.56'),
(612, 2, '2016-08-15 08:00:00', 6, '48.03', '5.14'),
(613, 1, '2016-05-25 08:00:00', 9, '16.90', '2.30'),
(614, 3, '2016-02-02 08:00:00', 4, '25.56', '7.93'),
(615, 1, '2016-10-27 08:00:00', 12, '10.46', '9.45'),
(616, 1, '2016-03-09 08:00:00', 6, '1.24', '9.41'),
(617, 1, '2016-11-07 08:00:00', 7, '7.46', '6.75'),
(618, 2, '2016-06-07 08:00:00', 10, '33.40', '8.70'),
(619, 1, '2016-12-07 08:00:00', 7, '23.73', '5.25'),
(620, 3, '2016-05-28 08:00:00', 8, '7.55', '5.19'),
(621, 2, '2016-08-02 08:00:00', 13, '23.06', '8.93'),
(622, 2, '2016-09-12 08:00:00', 12, '48.28', '7.09'),
(623, 3, '2016-10-23 08:00:00', 10, '34.49', '3.11'),
(624, 1, '2016-01-16 08:00:00', 12, '1.66', '9.58'),
(625, 3, '2016-05-13 08:00:00', 14, '39.25', '8.05'),
(626, 2, '2016-03-05 08:00:00', 6, '39.94', '2.58'),
(627, 1, '2016-02-04 08:00:00', 11, '41.21', '1.66'),
(628, 3, '2016-10-01 08:00:00', 6, '37.50', '7.89'),
(629, 1, '2016-03-07 08:00:00', 6, '50.39', '5.63'),
(630, 1, '2016-01-27 08:00:00', 2, '51.83', '9.34'),
(631, 1, '2016-01-29 08:00:00', 6, '7.85', '3.96'),
(632, 2, '2016-12-14 08:00:00', 5, '10.34', '4.30'),
(633, 2, '2016-05-08 08:00:00', 6, '35.91', '1.23'),
(634, 1, '2016-04-21 08:00:00', 2, '18.94', '1.03'),
(635, 2, '2016-08-12 08:00:00', 7, '0.90', '5.17'),
(636, 1, '2016-03-08 08:00:00', 4, '35.83', '7.44'),
(637, 2, '2016-05-12 08:00:00', 4, '39.26', '5.34'),
(638, 3, '2016-01-06 08:00:00', 14, '24.02', '0.11'),
(639, 2, '2016-06-11 08:00:00', 13, '57.24', '8.19'),
(640, 3, '2016-05-04 08:00:00', 6, '24.33', '0.40'),
(641, 2, '2016-04-02 08:00:00', 1, '26.50', '8.11'),
(642, 1, '2016-11-20 08:00:00', 9, '55.48', '8.24'),
(643, 2, '2016-08-17 08:00:00', 14, '42.42', '0.92'),
(644, 1, '2016-04-06 08:00:00', 3, '35.33', '2.14'),
(645, 1, '2016-08-08 08:00:00', 1, '15.51', '7.80'),
(646, 1, '2016-08-14 08:00:00', 14, '12.50', '2.97'),
(647, 2, '2016-06-17 08:00:00', 9, '12.29', '7.66'),
(648, 3, '2016-10-22 08:00:00', 5, '33.87', '8.60'),
(649, 1, '2016-08-09 08:00:00', 9, '57.74', '9.39'),
(650, 2, '2016-10-12 08:00:00', 11, '51.87', '6.83'),
(651, 1, '2016-01-04 08:00:00', 5, '56.23', '9.88'),
(652, 2, '2016-01-15 08:00:00', 1, '15.66', '0.11'),
(653, 3, '2016-08-13 08:00:00', 5, '40.86', '2.53'),
(654, 2, '2016-11-16 08:00:00', 6, '49.97', '3.35'),
(655, 3, '2016-07-10 08:00:00', 3, '59.68', '8.33'),
(656, 2, '2016-10-04 08:00:00', 2, '0.52', '0.75'),
(657, 3, '2016-12-24 08:00:00', 13, '46.93', '4.68'),
(658, 2, '2016-09-30 08:00:00', 14, '50.03', '8.78'),
(659, 3, '2016-02-17 08:00:00', 10, '17.62', '9.82'),
(660, 2, '2016-06-29 08:00:00', 4, '59.37', '0.81'),
(661, 3, '2016-01-29 08:00:00', 7, '48.26', '8.13'),
(662, 1, '2016-12-17 08:00:00', 9, '43.54', '9.68'),
(663, 1, '2016-10-08 08:00:00', 12, '1.91', '4.31'),
(664, 3, '2016-06-15 08:00:00', 2, '19.51', '5.45'),
(665, 2, '2016-02-25 08:00:00', 10, '17.25', '7.18'),
(666, 3, '2016-03-13 08:00:00', 9, '13.87', '1.74'),
(667, 1, '2016-12-30 08:00:00', 6, '28.00', '6.00'),
(668, 3, '2016-02-13 08:00:00', 12, '55.04', '0.65'),
(669, 2, '2016-01-09 08:00:00', 3, '13.41', '3.43'),
(670, 1, '2016-08-16 08:00:00', 7, '44.83', '6.04'),
(671, 3, '2016-07-06 08:00:00', 2, '53.52', '2.31'),
(672, 3, '2016-03-28 08:00:00', 1, '56.73', '4.13'),
(673, 1, '2016-05-25 08:00:00', 12, '52.22', '5.96'),
(674, 3, '2016-12-14 08:00:00', 12, '43.27', '4.99'),
(675, 1, '2016-10-13 08:00:00', 11, '47.41', '9.38'),
(676, 1, '2016-01-18 08:00:00', 6, '23.55', '8.21'),
(677, 1, '2016-03-27 08:00:00', 9, '24.47', '9.89'),
(678, 2, '2016-07-02 08:00:00', 3, '39.41', '9.09'),
(679, 1, '2016-12-15 08:00:00', 10, '31.60', '6.09'),
(680, 1, '2016-06-03 08:00:00', 12, '33.98', '1.20'),
(681, 1, '2016-05-06 08:00:00', 1, '54.28', '1.34'),
(682, 2, '2016-10-11 08:00:00', 6, '18.35', '9.94'),
(683, 2, '2016-03-29 08:00:00', 4, '8.95', '1.59'),
(684, 2, '2016-08-18 08:00:00', 3, '0.19', '5.15'),
(685, 2, '2016-06-13 08:00:00', 4, '12.31', '1.05'),
(686, 2, '2016-04-26 08:00:00', 11, '53.24', '3.08'),
(687, 1, '2016-05-23 08:00:00', 14, '33.48', '0.34'),
(688, 1, '2016-08-10 08:00:00', 10, '30.23', '5.43'),
(689, 1, '2016-02-25 08:00:00', 13, '55.10', '2.40'),
(690, 1, '2016-04-26 08:00:00', 11, '31.63', '7.32'),
(691, 3, '2016-03-26 08:00:00', 3, '46.06', '8.35'),
(692, 2, '2016-01-28 08:00:00', 2, '40.24', '0.32'),
(693, 3, '2016-09-08 08:00:00', 1, '31.48', '0.47'),
(694, 1, '2016-05-04 08:00:00', 11, '34.33', '7.20'),
(695, 3, '2016-08-10 08:00:00', 7, '12.71', '4.51'),
(696, 1, '2016-08-12 08:00:00', 5, '59.89', '2.00'),
(697, 3, '2016-08-05 08:00:00', 9, '46.22', '2.36'),
(698, 2, '2016-11-11 08:00:00', 5, '21.81', '3.58'),
(699, 3, '2016-10-19 08:00:00', 7, '14.88', '9.71'),
(700, 2, '2016-03-29 08:00:00', 1, '39.38', '8.84'),
(701, 2, '2016-03-09 08:00:00', 2, '42.39', '0.23'),
(702, 3, '2016-05-17 08:00:00', 7, '54.17', '8.82'),
(703, 2, '2016-07-19 08:00:00', 11, '37.87', '0.41'),
(704, 3, '2016-07-08 08:00:00', 4, '18.50', '2.97'),
(705, 2, '2016-03-21 08:00:00', 14, '16.45', '1.91'),
(706, 2, '2016-08-30 08:00:00', 7, '55.34', '8.45'),
(707, 2, '2016-05-11 08:00:00', 13, '42.48', '1.75'),
(708, 3, '2016-02-08 08:00:00', 10, '35.22', '8.88'),
(709, 3, '2016-01-19 08:00:00', 11, '37.11', '3.10'),
(710, 1, '2016-08-15 08:00:00', 1, '53.86', '0.79'),
(711, 3, '2016-11-22 08:00:00', 13, '7.46', '7.76'),
(712, 1, '2016-07-20 08:00:00', 9, '17.05', '3.46'),
(713, 1, '2016-11-01 08:00:00', 8, '27.55', '4.64'),
(714, 1, '2016-08-22 08:00:00', 4, '28.46', '1.67'),
(715, 3, '2016-10-15 08:00:00', 12, '50.90', '6.31'),
(716, 1, '2016-04-02 08:00:00', 11, '52.15', '8.41'),
(717, 2, '2016-06-30 08:00:00', 7, '58.49', '9.03'),
(718, 2, '2016-03-03 08:00:00', 10, '16.73', '5.89'),
(719, 3, '2016-02-28 08:00:00', 5, '8.89', '4.31'),
(720, 3, '2016-08-28 08:00:00', 1, '5.19', '4.74'),
(721, 3, '2016-08-15 08:00:00', 2, '29.39', '3.57'),
(722, 2, '2016-12-09 08:00:00', 5, '37.13', '4.05'),
(723, 1, '2016-04-05 08:00:00', 5, '1.12', '6.69'),
(724, 1, '2016-01-06 08:00:00', 14, '37.52', '9.80'),
(725, 3, '2016-10-28 08:00:00', 10, '0.20', '7.35'),
(726, 3, '2016-05-16 08:00:00', 2, '53.13', '1.42'),
(727, 2, '2016-12-03 08:00:00', 5, '10.21', '4.63'),
(728, 2, '2016-02-19 08:00:00', 8, '26.24', '3.23'),
(729, 1, '2016-12-10 08:00:00', 12, '27.03', '0.23'),
(730, 1, '2016-06-11 08:00:00', 9, '21.56', '4.26'),
(731, 2, '2016-07-06 08:00:00', 14, '2.83', '3.56'),
(732, 1, '2016-08-29 08:00:00', 10, '41.83', '5.48'),
(733, 3, '2016-07-06 08:00:00', 9, '1.95', '6.55'),
(734, 3, '2016-01-26 08:00:00', 9, '27.46', '9.69'),
(735, 1, '2016-04-24 08:00:00', 9, '39.96', '8.03'),
(736, 1, '2016-08-23 08:00:00', 4, '35.77', '0.55'),
(737, 1, '2016-06-26 08:00:00', 10, '33.35', '7.44'),
(738, 1, '2016-08-05 08:00:00', 1, '47.68', '3.07'),
(739, 2, '2016-09-29 08:00:00', 9, '30.62', '0.11'),
(740, 3, '2016-04-15 08:00:00', 2, '45.77', '6.46'),
(741, 2, '2016-08-25 08:00:00', 3, '2.50', '3.72'),
(742, 3, '2016-03-03 08:00:00', 5, '16.39', '3.75'),
(743, 1, '2016-07-31 08:00:00', 2, '30.67', '5.79'),
(744, 3, '2016-05-14 08:00:00', 5, '13.49', '5.09'),
(745, 1, '2016-06-13 08:00:00', 8, '22.67', '1.64'),
(746, 2, '2016-05-16 08:00:00', 14, '7.22', '5.33'),
(747, 3, '2016-11-16 08:00:00', 14, '11.02', '1.14'),
(748, 1, '2016-12-12 08:00:00', 7, '47.02', '2.02'),
(749, 1, '2016-09-04 08:00:00', 2, '36.30', '5.10'),
(750, 3, '2016-09-13 08:00:00', 12, '17.30', '4.92'),
(751, 3, '2016-01-04 08:00:00', 13, '20.82', '9.19'),
(752, 2, '2016-02-17 08:00:00', 14, '39.35', '0.32'),
(753, 2, '2016-05-04 08:00:00', 4, '14.75', '4.62'),
(754, 1, '2016-11-27 08:00:00', 3, '31.25', '0.33'),
(755, 2, '2016-01-08 08:00:00', 3, '33.60', '5.13'),
(756, 2, '2016-03-17 08:00:00', 11, '16.79', '0.00'),
(757, 3, '2016-08-28 08:00:00', 3, '46.42', '8.08'),
(758, 3, '2016-11-22 08:00:00', 4, '49.09', '4.66'),
(759, 2, '2016-09-10 08:00:00', 12, '20.54', '7.70'),
(760, 1, '2016-07-26 08:00:00', 3, '46.27', '3.15'),
(761, 1, '2016-11-05 08:00:00', 1, '39.26', '8.49'),
(762, 1, '2016-01-14 08:00:00', 6, '51.74', '1.66'),
(763, 1, '2016-09-27 08:00:00', 14, '45.99', '8.15'),
(764, 1, '2016-05-14 08:00:00', 14, '44.71', '0.74'),
(765, 3, '2016-11-29 08:00:00', 6, '13.66', '3.09'),
(766, 3, '2016-09-25 08:00:00', 6, '26.24', '2.47'),
(767, 1, '2016-02-08 08:00:00', 1, '57.97', '3.78'),
(768, 1, '2016-11-15 08:00:00', 12, '57.74', '4.76'),
(769, 1, '2016-02-27 08:00:00', 11, '56.10', '4.09'),
(770, 2, '2016-01-09 08:00:00', 5, '13.04', '9.80'),
(771, 2, '2016-11-02 08:00:00', 7, '38.88', '6.40'),
(772, 2, '2016-02-17 08:00:00', 8, '56.43', '4.72'),
(773, 3, '2016-02-11 08:00:00', 8, '20.31', '1.46'),
(774, 3, '2016-10-14 08:00:00', 5, '36.38', '2.35'),
(775, 1, '2016-10-05 08:00:00', 11, '40.05', '0.23'),
(776, 3, '2016-07-08 08:00:00', 8, '5.43', '3.56'),
(777, 1, '2016-12-19 08:00:00', 7, '22.31', '6.35'),
(778, 1, '2016-03-15 08:00:00', 2, '47.07', '2.61'),
(779, 2, '2016-09-05 08:00:00', 11, '13.84', '2.41'),
(780, 3, '2016-11-02 08:00:00', 13, '23.31', '7.22'),
(781, 2, '2016-02-08 08:00:00', 4, '6.64', '8.70'),
(782, 1, '2016-04-25 08:00:00', 6, '26.12', '8.29'),
(783, 2, '2016-01-24 08:00:00', 4, '59.76', '4.69'),
(784, 1, '2016-10-24 08:00:00', 14, '1.32', '1.53'),
(785, 3, '2016-01-22 08:00:00', 3, '0.75', '6.73'),
(786, 1, '2016-01-08 08:00:00', 3, '18.36', '6.13'),
(787, 2, '2016-01-04 08:00:00', 14, '32.24', '4.97'),
(788, 3, '2016-02-16 08:00:00', 12, '7.50', '2.42'),
(789, 1, '2016-10-18 08:00:00', 9, '48.41', '2.78'),
(790, 3, '2016-11-02 08:00:00', 3, '28.32', '0.86'),
(791, 2, '2016-04-11 08:00:00', 6, '13.05', '7.73'),
(792, 1, '2016-08-10 08:00:00', 12, '23.39', '0.14'),
(793, 3, '2016-05-30 08:00:00', 11, '16.94', '9.56'),
(794, 3, '2016-12-03 08:00:00', 9, '54.80', '7.30'),
(795, 2, '2016-03-18 08:00:00', 7, '12.61', '4.53'),
(796, 3, '2016-10-31 08:00:00', 11, '28.77', '6.81'),
(797, 1, '2016-08-04 08:00:00', 12, '24.19', '6.02'),
(798, 1, '2016-11-21 08:00:00', 13, '38.48', '0.55'),
(799, 2, '2016-09-08 08:00:00', 13, '27.02', '8.60'),
(800, 3, '2016-03-15 08:00:00', 6, '26.90', '1.82'),
(801, 2, '2016-10-14 08:00:00', 13, '49.70', '4.62'),
(802, 2, '2016-04-06 08:00:00', 4, '30.64', '2.61'),
(803, 2, '2016-04-26 08:00:00', 2, '16.84', '3.57'),
(804, 2, '2016-02-10 08:00:00', 10, '51.70', '9.86'),
(805, 2, '2016-01-07 08:00:00', 9, '32.99', '5.02'),
(806, 3, '2016-04-30 08:00:00', 14, '10.49', '6.77'),
(807, 1, '2016-01-27 08:00:00', 8, '58.48', '2.19'),
(808, 3, '2016-02-28 08:00:00', 14, '50.68', '9.16'),
(809, 3, '2016-09-10 08:00:00', 3, '28.84', '2.73'),
(810, 1, '2016-12-28 08:00:00', 10, '6.53', '5.23'),
(811, 1, '2016-10-02 08:00:00', 11, '30.75', '5.29'),
(812, 3, '2016-05-26 08:00:00', 3, '33.15', '7.88'),
(813, 1, '2016-05-15 08:00:00', 3, '2.12', '1.30'),
(814, 2, '2016-01-19 08:00:00', 2, '32.87', '1.76'),
(815, 3, '2016-06-12 08:00:00', 9, '27.51', '8.13'),
(816, 3, '2016-09-14 08:00:00', 1, '51.60', '4.16'),
(817, 2, '2016-02-09 08:00:00', 12, '12.69', '0.44'),
(818, 1, '2016-06-24 08:00:00', 4, '54.85', '7.78'),
(819, 3, '2016-09-16 08:00:00', 2, '42.70', '3.75'),
(820, 1, '2016-03-23 08:00:00', 10, '20.77', '8.02'),
(821, 1, '2016-06-17 08:00:00', 9, '31.15', '7.38'),
(822, 2, '2016-05-13 08:00:00', 13, '4.65', '2.71'),
(823, 2, '2016-05-01 08:00:00', 11, '13.17', '9.29'),
(824, 1, '2016-10-16 08:00:00', 11, '55.67', '1.08'),
(825, 1, '2016-10-02 08:00:00', 12, '38.59', '3.61'),
(826, 3, '2016-11-09 08:00:00', 2, '30.96', '0.59'),
(827, 2, '2016-06-15 08:00:00', 2, '28.90', '9.18'),
(828, 2, '2016-09-30 08:00:00', 12, '26.19', '5.06'),
(829, 3, '2016-05-05 08:00:00', 14, '21.73', '2.71'),
(830, 1, '2016-11-08 08:00:00', 13, '10.39', '5.53'),
(831, 1, '2016-12-09 08:00:00', 13, '16.42', '0.18'),
(832, 1, '2016-12-13 08:00:00', 3, '25.68', '7.66'),
(833, 3, '2016-09-09 08:00:00', 13, '31.17', '4.81'),
(834, 1, '2016-05-08 08:00:00', 14, '46.16', '5.06'),
(835, 1, '2016-08-21 08:00:00', 14, '42.47', '5.32'),
(836, 1, '2016-09-30 08:00:00', 7, '34.13', '2.97'),
(837, 3, '2016-02-22 08:00:00', 6, '13.78', '3.08'),
(838, 3, '2016-06-22 08:00:00', 8, '35.78', '2.67'),
(839, 2, '2016-07-13 08:00:00', 7, '6.77', '8.11'),
(840, 3, '2016-08-20 08:00:00', 1, '30.93', '7.03'),
(841, 2, '2016-08-26 08:00:00', 9, '9.22', '5.75'),
(842, 3, '2016-02-01 08:00:00', 2, '9.63', '5.02'),
(843, 1, '2016-03-23 08:00:00', 11, '35.46', '8.22'),
(844, 2, '2016-02-20 08:00:00', 6, '14.93', '2.95'),
(845, 1, '2016-05-25 08:00:00', 13, '24.95', '2.29'),
(846, 3, '2016-12-15 08:00:00', 12, '43.99', '9.90'),
(847, 3, '2016-05-25 08:00:00', 14, '12.23', '2.80'),
(848, 2, '2016-12-26 08:00:00', 10, '57.47', '2.33'),
(849, 3, '2016-05-22 08:00:00', 2, '22.59', '6.48'),
(850, 1, '2016-07-07 08:00:00', 5, '46.27', '8.00'),
(851, 1, '2016-12-08 08:00:00', 9, '35.74', '0.27'),
(852, 1, '2016-05-08 08:00:00', 6, '46.46', '6.44'),
(853, 1, '2016-02-07 08:00:00', 7, '21.74', '4.43'),
(854, 3, '2016-02-08 08:00:00', 6, '15.24', '6.80'),
(855, 1, '2016-06-23 08:00:00', 1, '35.30', '0.45'),
(856, 3, '2016-05-02 08:00:00', 14, '19.08', '6.21'),
(857, 1, '2016-05-13 08:00:00', 14, '23.93', '0.07'),
(858, 2, '2016-10-19 08:00:00', 7, '15.15', '9.79'),
(859, 3, '2016-12-08 08:00:00', 2, '4.34', '0.60'),
(860, 3, '2016-12-07 08:00:00', 11, '18.22', '6.48'),
(861, 2, '2016-05-24 08:00:00', 2, '21.35', '2.21'),
(862, 3, '2016-09-19 08:00:00', 9, '43.77', '7.94'),
(863, 1, '2016-11-01 08:00:00', 2, '4.36', '4.16'),
(864, 1, '2016-08-15 08:00:00', 11, '57.85', '8.26'),
(865, 2, '2016-05-29 08:00:00', 7, '35.45', '5.46'),
(866, 3, '2016-04-13 08:00:00', 10, '25.20', '0.79'),
(867, 1, '2016-10-20 08:00:00', 9, '38.47', '2.58'),
(868, 3, '2016-10-24 08:00:00', 9, '28.71', '0.51'),
(869, 2, '2016-06-07 08:00:00', 6, '9.69', '2.88'),
(870, 3, '2016-11-26 08:00:00', 4, '51.12', '9.10'),
(871, 1, '2016-06-17 08:00:00', 4, '14.66', '9.14'),
(872, 3, '2016-11-16 08:00:00', 9, '5.94', '5.59'),
(873, 1, '2016-02-10 08:00:00', 11, '49.18', '3.79'),
(874, 2, '2016-12-27 08:00:00', 2, '22.72', '0.79'),
(875, 2, '2016-03-25 08:00:00', 2, '38.63', '9.15'),
(876, 3, '2016-01-01 08:00:00', 11, '6.95', '1.59'),
(877, 2, '2016-12-28 08:00:00', 5, '31.89', '7.95'),
(878, 2, '2016-04-03 08:00:00', 2, '13.24', '4.19'),
(879, 3, '2016-01-28 08:00:00', 3, '4.53', '6.92'),
(880, 3, '2016-10-26 08:00:00', 4, '33.67', '1.88'),
(881, 1, '2016-04-08 08:00:00', 2, '0.82', '3.22'),
(882, 1, '2016-05-05 08:00:00', 6, '27.60', '7.46'),
(883, 1, '2016-07-10 08:00:00', 14, '22.85', '8.19'),
(884, 3, '2016-07-27 08:00:00', 14, '56.77', '1.27'),
(885, 2, '2016-09-14 08:00:00', 10, '29.28', '1.26'),
(886, 1, '2016-04-28 08:00:00', 10, '53.36', '6.36'),
(887, 2, '2016-10-27 08:00:00', 9, '25.90', '0.45'),
(888, 1, '2016-12-02 08:00:00', 14, '24.83', '7.49'),
(889, 1, '2016-12-30 08:00:00', 8, '30.00', '5.00'),
(890, 3, '2016-10-24 08:00:00', 13, '38.56', '7.75'),
(891, 2, '2016-08-02 08:00:00', 4, '4.38', '4.98'),
(892, 3, '2016-04-25 08:00:00', 12, '49.63', '6.36'),
(893, 3, '2016-08-10 08:00:00', 10, '6.59', '9.79'),
(894, 3, '2016-05-01 08:00:00', 10, '12.79', '6.28'),
(895, 2, '2016-07-06 08:00:00', 13, '13.10', '8.06'),
(896, 2, '2016-06-30 08:00:00', 7, '51.65', '2.89'),
(897, 3, '2016-01-07 08:00:00', 14, '27.95', '3.20'),
(898, 1, '2016-01-14 08:00:00', 14, '7.61', '3.97'),
(899, 2, '2016-01-27 08:00:00', 1, '9.78', '1.03'),
(900, 2, '2016-09-24 08:00:00', 4, '9.69', '1.43'),
(901, 3, '2016-09-22 08:00:00', 9, '45.48', '3.05'),
(902, 1, '2016-09-29 08:00:00', 11, '4.70', '4.39'),
(903, 3, '2016-06-20 08:00:00', 9, '33.53', '3.50'),
(904, 2, '2016-06-09 08:00:00', 9, '23.15', '0.66'),
(905, 2, '2016-01-01 08:00:00', 11, '21.46', '4.72'),
(906, 1, '2016-04-16 08:00:00', 8, '35.96', '2.86'),
(907, 2, '2016-10-12 08:00:00', 6, '23.80', '1.37'),
(908, 2, '2016-12-20 08:00:00', 8, '31.99', '9.19'),
(909, 1, '2016-11-25 08:00:00', 4, '41.83', '0.88'),
(910, 1, '2016-05-16 08:00:00', 2, '26.83', '3.24'),
(911, 2, '2016-09-08 08:00:00', 5, '36.60', '7.82'),
(912, 3, '2016-05-30 08:00:00', 12, '18.47', '1.76'),
(913, 2, '2016-02-09 08:00:00', 12, '32.03', '1.63'),
(914, 3, '2016-04-08 08:00:00', 12, '8.84', '6.72'),
(915, 2, '2016-08-20 08:00:00', 11, '8.85', '2.49'),
(916, 1, '2016-02-25 08:00:00', 9, '39.90', '3.30'),
(917, 3, '2016-06-08 08:00:00', 9, '32.14', '5.08'),
(918, 2, '2016-09-27 08:00:00', 14, '22.11', '2.31'),
(919, 3, '2016-02-10 08:00:00', 13, '35.65', '0.59'),
(920, 3, '2016-05-30 08:00:00', 6, '33.61', '9.31'),
(921, 3, '2016-02-06 08:00:00', 10, '26.26', '6.81'),
(922, 3, '2016-10-23 08:00:00', 4, '53.59', '5.82'),
(923, 2, '2016-10-11 08:00:00', 14, '5.81', '5.75'),
(924, 3, '2016-02-22 08:00:00', 14, '37.67', '6.59'),
(925, 3, '2016-10-18 08:00:00', 11, '14.03', '1.23'),
(926, 1, '2016-12-10 08:00:00', 12, '44.69', '9.12'),
(927, 3, '2016-05-31 08:00:00', 1, '52.25', '7.17'),
(928, 2, '2016-01-22 08:00:00', 12, '59.29', '7.22'),
(929, 2, '2016-06-04 08:00:00', 4, '38.45', '9.15'),
(930, 1, '2016-03-16 08:00:00', 11, '48.36', '9.42'),
(931, 3, '2016-11-22 08:00:00', 7, '11.47', '4.73'),
(932, 3, '2016-03-08 08:00:00', 4, '32.18', '3.04'),
(933, 1, '2016-05-31 08:00:00', 12, '38.02', '4.46'),
(934, 2, '2016-05-03 08:00:00', 8, '57.84', '1.36'),
(935, 3, '2016-01-08 08:00:00', 9, '16.30', '3.83'),
(936, 3, '2016-09-12 08:00:00', 7, '4.28', '2.12'),
(937, 3, '2016-04-06 08:00:00', 4, '28.18', '1.89'),
(938, 1, '2016-11-16 08:00:00', 13, '38.74', '1.98'),
(939, 2, '2016-08-17 08:00:00', 6, '12.11', '0.37'),
(940, 3, '2016-11-22 08:00:00', 6, '29.00', '8.87'),
(941, 2, '2016-10-13 08:00:00', 14, '48.29', '8.95'),
(942, 1, '2016-02-26 08:00:00', 11, '49.72', '3.84'),
(943, 2, '2016-11-18 08:00:00', 12, '10.20', '5.23'),
(944, 3, '2016-02-13 08:00:00', 12, '1.77', '2.29'),
(945, 3, '2016-08-25 08:00:00', 8, '26.39', '5.16'),
(946, 2, '2016-11-06 08:00:00', 8, '24.39', '5.39'),
(947, 2, '2016-10-11 08:00:00', 3, '14.03', '6.06'),
(948, 3, '2016-10-08 08:00:00', 11, '6.36', '7.34'),
(949, 3, '2016-02-04 08:00:00', 4, '7.35', '3.33'),
(950, 3, '2016-02-06 08:00:00', 6, '55.88', '4.99'),
(951, 3, '2016-06-16 08:00:00', 2, '5.01', '4.31'),
(952, 3, '2016-08-09 08:00:00', 2, '31.52', '1.21'),
(953, 3, '2016-06-07 08:00:00', 1, '7.94', '8.29'),
(954, 3, '2016-12-06 08:00:00', 9, '17.36', '8.86'),
(955, 2, '2016-11-05 08:00:00', 4, '41.23', '5.07'),
(956, 3, '2016-01-20 08:00:00', 10, '19.70', '1.52'),
(957, 1, '2016-01-31 08:00:00', 12, '13.20', '5.21'),
(958, 1, '2016-01-21 08:00:00', 4, '3.88', '0.40'),
(959, 1, '2016-03-20 08:00:00', 14, '28.35', '1.19'),
(960, 1, '2016-11-23 08:00:00', 6, '55.76', '8.49'),
(961, 1, '2016-06-26 08:00:00', 13, '54.79', '9.97'),
(962, 2, '2016-04-25 08:00:00', 1, '40.88', '5.13'),
(963, 2, '2016-08-19 08:00:00', 9, '8.10', '6.61'),
(964, 3, '2016-12-20 08:00:00', 14, '20.80', '3.02'),
(965, 1, '2016-06-17 08:00:00', 5, '23.77', '1.22'),
(966, 1, '2016-02-26 08:00:00', 8, '49.62', '4.71'),
(967, 3, '2016-07-30 08:00:00', 2, '39.65', '1.06'),
(968, 1, '2016-07-02 08:00:00', 5, '50.37', '1.60'),
(969, 1, '2016-04-09 08:00:00', 5, '52.40', '8.75'),
(970, 2, '2016-02-20 08:00:00', 5, '52.67', '6.18'),
(971, 3, '2016-01-12 08:00:00', 2, '42.12', '4.45'),
(972, 1, '2016-10-05 08:00:00', 1, '22.57', '5.05'),
(973, 1, '2016-08-18 08:00:00', 11, '31.03', '7.53'),
(974, 1, '2016-03-05 08:00:00', 1, '48.84', '0.79'),
(975, 1, '2016-05-01 08:00:00', 7, '10.99', '4.66'),
(976, 2, '2016-06-23 08:00:00', 3, '28.37', '4.89');
INSERT INTO `water_data` (`id`, `device_id`, `date_created`, `ph_level`, `temperature`, `turbidity`) VALUES
(977, 1, '2016-11-27 08:00:00', 9, '34.43', '2.50'),
(978, 2, '2016-09-06 08:00:00', 7, '7.91', '4.69'),
(979, 1, '2016-11-03 08:00:00', 1, '58.54', '2.64'),
(980, 1, '2016-01-19 08:00:00', 8, '23.82', '3.40'),
(981, 3, '2016-04-17 08:00:00', 10, '37.72', '2.69'),
(982, 3, '2016-03-11 08:00:00', 9, '52.24', '9.27'),
(983, 3, '2016-12-07 08:00:00', 9, '28.35', '5.15'),
(984, 2, '2016-12-29 08:00:00', 5, '21.81', '8.63'),
(985, 1, '2016-05-29 08:00:00', 9, '0.56', '4.46'),
(986, 2, '2016-02-06 08:00:00', 7, '20.65', '0.22'),
(987, 2, '2016-10-30 08:00:00', 2, '27.68', '4.94'),
(988, 1, '2016-07-02 08:00:00', 13, '29.50', '8.96'),
(989, 2, '2016-11-09 08:00:00', 6, '57.78', '2.06'),
(990, 1, '2016-07-18 08:00:00', 10, '16.07', '1.91'),
(991, 1, '2016-12-16 08:00:00', 6, '44.22', '7.78'),
(992, 2, '2016-05-26 08:00:00', 10, '44.11', '2.44'),
(993, 1, '2016-11-24 08:00:00', 13, '59.28', '5.81'),
(994, 3, '2016-03-22 08:00:00', 7, '4.12', '5.93'),
(995, 2, '2016-01-07 08:00:00', 7, '6.99', '9.80'),
(996, 3, '2016-08-01 08:00:00', 10, '4.66', '9.06'),
(997, 3, '2016-08-30 08:00:00', 1, '5.02', '9.33'),
(998, 2, '2016-04-23 08:00:00', 7, '0.97', '3.57'),
(999, 3, '2016-03-25 08:00:00', 13, '55.56', '5.43'),
(1000, 2, '2016-01-27 08:00:00', 12, '7.54', '4.43'),
(1001, 3, '2017-01-01 08:00:00', 1, '23.14', '5.71'),
(1002, 1, '2017-01-01 08:00:00', 1, '2.99', '8.64'),
(1003, 3, '2017-01-01 08:00:00', 5, '24.54', '8.40'),
(1004, 1, '2017-01-01 08:00:00', 5, '37.56', '2.25'),
(1005, 1, '2017-01-02 11:02:48', 7, '38.00', '25.00'),
(1006, 1, '2017-01-02 11:03:13', 7, '30.00', '25.00'),
(1007, 1, '2017-01-02 15:50:26', 7, '40.00', '30.00'),
(1008, 1, '2017-01-02 15:51:10', 7, '46.00', '38.00'),
(1009, 1, '2017-01-02 15:52:17', 8, '46.00', '38.00'),
(1010, 1, '2017-01-02 15:52:50', 9, '46.00', '38.00'),
(1011, 1, '2017-01-02 15:53:44', 6, '46.00', '38.00'),
(1012, 1, '2017-01-02 16:00:00', 7, '46.00', '38.00'),
(1013, 1, '2017-01-02 16:00:25', 7, '46.00', '38.00'),
(1014, 1, '2017-01-02 16:00:42', 8, '46.00', '38.00'),
(1015, 1, '2017-01-02 16:07:26', 7, '4.00', '38.00'),
(1016, 1, '2017-01-02 16:07:38', 7, '0.00', '38.00'),
(1017, 1, '2017-01-02 16:41:00', 9, '0.00', '38.00'),
(1018, 1, '2017-01-02 16:41:27', 7, '39.00', '1.00'),
(1019, 1, '2017-01-02 17:17:00', 9, '32.00', '25.00'),
(1020, 3, '2017-01-05 07:35:32', 7, '30.00', '6.00'),
(1021, 1, '2017-01-05 16:33:34', 7, '28.00', '5.00'),
(1022, 1, '2017-01-10 09:33:50', 8, '30.00', '5.00'),
(1023, 2, '2017-01-06 14:48:18', 6, '25.00', '6.00'),
(1024, 3, '2017-01-04 05:23:58', 7, '25.00', '5.00'),
(1025, 2, '2017-01-04 19:41:46', 8, '29.00', '6.00'),
(1026, 3, '2017-01-07 03:20:27', 7, '29.00', '6.00'),
(1027, 1, '2017-01-04 07:44:05', 6, '27.00', '5.00'),
(1028, 2, '2017-01-06 06:11:20', 8, '30.00', '6.00'),
(1029, 3, '2017-01-07 15:00:53', 6, '25.00', '6.00'),
(1030, 1, '2017-01-10 02:07:49', 6, '27.00', '6.00'),
(1031, 3, '2017-01-03 22:09:59', 6, '29.00', '6.00'),
(1032, 3, '2017-01-05 03:10:10', 7, '25.00', '5.00'),
(1033, 1, '2017-01-07 09:03:27', 8, '28.00', '5.00'),
(1034, 3, '2017-01-09 04:14:33', 8, '29.00', '5.00'),
(1035, 2, '2017-01-08 12:49:45', 7, '28.00', '5.00'),
(1036, 2, '2017-01-10 06:16:44', 8, '27.00', '6.00'),
(1037, 3, '2017-01-08 00:15:30', 7, '25.00', '5.00'),
(1038, 2, '2017-01-06 17:18:09', 6, '28.00', '6.00'),
(1039, 2, '2017-01-03 16:49:55', 8, '30.00', '6.00'),
(1040, 2, '2017-01-09 15:10:33', 6, '29.00', '6.00'),
(1041, 3, '2017-01-09 14:58:54', 8, '29.00', '6.00'),
(1042, 2, '2017-01-04 06:29:26', 6, '29.00', '5.00'),
(1043, 3, '2017-01-08 05:12:36', 8, '30.00', '5.00'),
(1044, 3, '2017-01-05 18:46:53', 7, '28.00', '5.00'),
(1045, 2, '2017-01-06 02:21:50', 8, '29.00', '5.00'),
(1046, 3, '2017-01-03 17:09:18', 6, '27.00', '5.00'),
(1047, 1, '2017-01-04 14:32:01', 8, '27.00', '6.00'),
(1048, 2, '2017-01-08 04:54:15', 6, '25.00', '6.00'),
(1049, 2, '2017-01-05 08:34:26', 6, '27.00', '6.00'),
(1050, 1, '2017-01-03 18:36:14', 6, '29.00', '6.00'),
(1051, 3, '2017-01-10 01:05:43', 7, '30.00', '5.00'),
(1052, 1, '2017-01-05 04:55:47', 8, '27.00', '6.00'),
(1053, 2, '2017-01-08 14:12:39', 7, '30.00', '6.00'),
(1054, 2, '2017-01-07 13:23:07', 6, '30.00', '6.00'),
(1055, 3, '2017-01-08 13:10:04', 6, '30.00', '6.00'),
(1056, 2, '2017-01-04 15:44:28', 7, '28.00', '6.00'),
(1057, 3, '2017-01-04 22:50:00', 6, '27.00', '5.00'),
(1058, 1, '2017-01-03 16:49:57', 7, '25.00', '6.00'),
(1059, 3, '2017-01-07 13:00:47', 8, '26.00', '6.00'),
(1060, 3, '2017-01-09 15:13:22', 7, '26.00', '5.00'),
(1061, 3, '2017-01-07 17:18:58', 6, '29.00', '5.00'),
(1062, 3, '2017-01-04 13:21:35', 8, '30.00', '5.00'),
(1063, 1, '2017-01-10 13:51:37', 7, '29.00', '6.00'),
(1064, 1, '2017-01-06 21:23:09', 6, '26.00', '6.00'),
(1065, 3, '2017-01-07 14:04:04', 8, '29.00', '6.00'),
(1066, 2, '2017-01-05 07:42:02', 8, '25.00', '6.00'),
(1067, 1, '2017-01-07 21:36:07', 6, '25.00', '6.00'),
(1068, 2, '2017-01-09 21:32:11', 6, '25.00', '5.00'),
(1069, 3, '2017-01-08 01:25:15', 8, '26.00', '6.00'),
(1070, 2, '2017-01-10 05:06:15', 8, '27.00', '6.00'),
(1071, 1, '2017-01-09 12:55:46', 6, '29.00', '6.00'),
(1072, 1, '2017-01-09 16:49:34', 7, '28.00', '5.00'),
(1073, 2, '2017-01-07 16:31:47', 6, '30.00', '6.00'),
(1074, 1, '2017-01-10 06:45:29', 8, '25.00', '6.00'),
(1075, 3, '2017-01-04 06:28:43', 6, '28.00', '6.00'),
(1076, 1, '2017-01-09 15:35:20', 6, '28.00', '6.00'),
(1077, 2, '2017-01-08 07:45:04', 6, '28.00', '6.00'),
(1078, 2, '2017-01-07 15:39:27', 8, '28.00', '6.00'),
(1079, 3, '2017-01-05 04:09:08', 7, '25.00', '6.00'),
(1080, 1, '2017-01-09 08:20:55', 6, '25.00', '6.00'),
(1081, 2, '2017-01-07 20:31:28', 7, '25.00', '5.00'),
(1082, 2, '2017-01-08 07:22:08', 6, '25.00', '5.00'),
(1083, 1, '2017-01-09 03:46:29', 6, '25.00', '6.00'),
(1084, 3, '2017-01-10 04:28:18', 6, '29.00', '5.00'),
(1085, 3, '2017-01-09 13:12:36', 7, '30.00', '5.00'),
(1086, 2, '2017-01-10 11:03:35', 7, '27.00', '5.00'),
(1087, 3, '2017-01-04 04:25:08', 7, '28.00', '5.00'),
(1088, 1, '2017-01-10 04:30:26', 8, '30.00', '5.00'),
(1089, 3, '2017-01-03 18:50:01', 6, '30.00', '5.00'),
(1090, 1, '2017-01-08 12:10:31', 7, '27.00', '6.00'),
(1091, 3, '2017-01-09 02:57:01', 8, '27.00', '6.00'),
(1092, 2, '2017-01-08 02:48:13', 6, '30.00', '6.00'),
(1093, 2, '2017-01-04 15:51:04', 7, '30.00', '5.00'),
(1094, 3, '2017-01-06 06:51:39', 6, '29.00', '6.00'),
(1095, 1, '2017-01-04 09:38:40', 6, '27.00', '5.00'),
(1096, 2, '2017-01-08 07:40:10', 8, '28.00', '6.00'),
(1097, 2, '2017-01-07 23:38:17', 8, '28.00', '5.00'),
(1098, 1, '2017-01-07 09:05:36', 7, '25.00', '6.00'),
(1099, 1, '2017-01-07 21:18:13', 8, '26.00', '5.00'),
(1100, 3, '2017-01-09 11:43:16', 8, '25.00', '6.00'),
(1101, 1, '2017-01-09 09:17:30', 8, '29.00', '5.00'),
(1102, 2, '2017-01-04 07:57:15', 6, '26.00', '5.00'),
(1103, 2, '2017-01-09 12:37:02', 6, '25.00', '6.00'),
(1104, 3, '2017-01-09 11:53:49', 6, '30.00', '5.00'),
(1105, 1, '2017-01-07 18:10:04', 7, '28.00', '5.00'),
(1106, 2, '2017-01-06 16:01:32', 8, '28.00', '6.00'),
(1107, 3, '2017-01-05 04:14:21', 7, '28.00', '6.00'),
(1108, 1, '2017-01-07 15:14:39', 6, '27.00', '6.00'),
(1109, 1, '2017-01-10 03:19:54', 8, '26.00', '5.00'),
(1110, 1, '2017-01-07 23:42:49', 8, '25.00', '5.00'),
(1111, 3, '2017-01-06 23:56:19', 8, '30.00', '5.00'),
(1112, 2, '2017-01-10 07:54:50', 6, '30.00', '6.00'),
(1113, 2, '2017-01-09 00:25:02', 6, '27.00', '6.00'),
(1114, 1, '2017-01-10 08:49:39', 7, '25.00', '5.00'),
(1115, 3, '2017-01-10 03:03:35', 8, '30.00', '5.00'),
(1116, 2, '2017-01-10 02:08:08', 7, '27.00', '5.00'),
(1117, 2, '2017-01-09 07:33:52', 7, '30.00', '6.00'),
(1118, 3, '2017-01-04 21:51:12', 6, '26.00', '5.00'),
(1119, 3, '2017-01-04 22:56:59', 6, '27.00', '6.00'),
(1120, 1, '2017-01-08 09:21:52', 7, '28.00', '6.00'),
(1121, 2, '2017-01-08 01:41:06', 6, '25.00', '6.00'),
(1122, 1, '2017-01-06 13:10:23', 8, '27.00', '5.00'),
(1123, 1, '2017-01-07 05:51:27', 7, '26.00', '5.00'),
(1124, 3, '2017-01-06 22:10:38', 8, '25.00', '6.00'),
(1125, 1, '2017-01-04 07:49:20', 7, '30.00', '6.00'),
(1126, 2, '2017-01-06 01:23:15', 6, '29.00', '5.00'),
(1127, 2, '2017-01-05 19:23:24', 6, '29.00', '6.00'),
(1128, 2, '2017-01-07 18:49:43', 8, '30.00', '6.00'),
(1129, 1, '2017-01-04 19:24:45', 6, '30.00', '5.00'),
(1130, 3, '2017-01-05 18:15:22', 6, '28.00', '6.00'),
(1131, 1, '2017-01-07 14:57:31', 6, '26.00', '5.00'),
(1132, 2, '2017-01-08 06:06:25', 8, '30.00', '5.00'),
(1133, 3, '2017-01-10 07:13:36', 7, '25.00', '6.00'),
(1134, 1, '2017-01-08 00:51:10', 8, '30.00', '5.00'),
(1135, 1, '2017-01-09 00:01:39', 8, '28.00', '5.00'),
(1136, 3, '2017-01-07 07:31:34', 8, '30.00', '6.00'),
(1137, 2, '2017-01-05 16:25:19', 7, '28.00', '5.00'),
(1138, 1, '2017-01-07 11:20:15', 8, '26.00', '5.00'),
(1139, 3, '2017-01-08 19:22:59', 8, '29.00', '5.00'),
(1140, 2, '2017-01-08 19:20:14', 6, '30.00', '5.00'),
(1141, 2, '2017-01-09 21:22:17', 6, '27.00', '6.00'),
(1142, 3, '2017-01-09 07:15:39', 8, '27.00', '6.00'),
(1143, 3, '2017-01-07 17:56:24', 8, '26.00', '5.00'),
(1144, 1, '2017-01-05 16:25:42', 7, '28.00', '5.00'),
(1145, 2, '2017-01-10 00:19:15', 8, '29.00', '5.00'),
(1146, 3, '2017-01-10 05:45:50', 7, '30.00', '6.00'),
(1147, 3, '2017-01-10 02:31:41', 8, '28.00', '5.00'),
(1148, 1, '2017-01-08 02:49:10', 6, '28.00', '6.00'),
(1149, 2, '2017-01-05 08:11:33', 6, '27.00', '6.00'),
(1150, 1, '2017-01-05 15:43:06', 7, '29.00', '5.00'),
(1151, 1, '2017-01-10 07:09:08', 6, '26.00', '6.00'),
(1152, 1, '2017-01-06 00:22:21', 8, '29.00', '5.00'),
(1153, 3, '2017-01-07 13:06:18', 7, '30.00', '5.00'),
(1154, 1, '2017-01-06 04:55:44', 7, '30.00', '6.00'),
(1155, 1, '2017-01-09 02:44:49', 7, '25.00', '6.00'),
(1156, 1, '2017-01-09 12:08:06', 8, '27.00', '5.00'),
(1157, 3, '2017-01-04 13:47:00', 7, '29.00', '5.00'),
(1158, 3, '2017-01-07 17:17:03', 7, '25.00', '5.00'),
(1159, 1, '2017-01-03 19:59:33', 7, '28.00', '5.00'),
(1160, 2, '2017-01-07 23:42:51', 7, '30.00', '6.00'),
(1161, 2, '2017-01-10 01:39:42', 8, '29.00', '6.00'),
(1162, 3, '2017-01-08 02:33:09', 7, '28.00', '5.00'),
(1163, 2, '2017-01-08 02:43:41', 7, '25.00', '5.00'),
(1164, 3, '2017-01-09 14:31:46', 6, '26.00', '6.00'),
(1165, 2, '2017-01-03 19:13:04', 7, '26.00', '6.00'),
(1166, 3, '2017-01-09 05:17:35', 7, '25.00', '6.00'),
(1167, 2, '2017-01-08 20:13:30', 6, '30.00', '5.00'),
(1168, 2, '2017-01-07 03:45:23', 6, '28.00', '5.00'),
(1169, 2, '2017-01-06 21:46:45', 8, '25.00', '6.00'),
(1170, 1, '2017-01-08 10:00:17', 8, '27.00', '6.00'),
(1171, 1, '2017-01-05 19:18:36', 6, '27.00', '6.00'),
(1172, 1, '2017-01-07 18:19:55', 8, '27.00', '5.00'),
(1173, 1, '2017-01-09 17:26:10', 8, '25.00', '5.00'),
(1174, 3, '2017-01-06 17:21:57', 7, '30.00', '6.00'),
(1175, 3, '2017-01-09 12:06:20', 7, '30.00', '6.00'),
(1176, 3, '2017-01-06 14:40:00', 6, '29.00', '6.00'),
(1177, 1, '2017-01-07 08:58:51', 6, '29.00', '5.00'),
(1178, 2, '2017-01-08 18:19:39', 7, '30.00', '5.00'),
(1179, 3, '2017-01-07 15:12:14', 6, '27.00', '5.00'),
(1180, 2, '2017-01-05 04:22:06', 7, '27.00', '6.00'),
(1181, 1, '2017-01-05 08:57:02', 6, '26.00', '6.00'),
(1182, 1, '2017-01-06 18:32:01', 8, '29.00', '5.00'),
(1183, 3, '2017-01-06 11:02:39', 8, '28.00', '6.00'),
(1184, 1, '2017-01-06 22:42:30', 7, '30.00', '6.00'),
(1185, 1, '2017-01-04 06:38:40', 7, '27.00', '6.00'),
(1186, 2, '2017-01-08 16:51:53', 7, '27.00', '6.00'),
(1187, 2, '2017-01-09 21:56:27', 8, '26.00', '6.00'),
(1188, 1, '2017-01-04 15:15:41', 6, '25.00', '6.00'),
(1189, 1, '2017-01-09 18:43:17', 7, '27.00', '5.00'),
(1190, 1, '2017-01-07 06:05:48', 8, '27.00', '5.00'),
(1191, 2, '2017-01-10 00:40:21', 8, '28.00', '6.00'),
(1192, 3, '2017-01-05 22:12:28', 6, '30.00', '6.00'),
(1193, 1, '2017-01-04 09:34:55', 8, '30.00', '6.00'),
(1194, 3, '2017-01-09 00:06:33', 6, '26.00', '5.00'),
(1195, 2, '2017-01-09 02:58:53', 7, '26.00', '5.00'),
(1196, 3, '2017-01-09 23:11:43', 8, '26.00', '5.00'),
(1197, 1, '2017-01-04 15:11:51', 8, '26.00', '5.00'),
(1198, 3, '2017-01-08 10:42:03', 7, '27.00', '6.00'),
(1199, 3, '2017-01-10 11:16:42', 8, '25.00', '5.00'),
(1200, 1, '2017-01-10 01:58:22', 6, '29.00', '5.00'),
(1201, 2, '2017-01-05 21:26:46', 8, '26.00', '5.00'),
(1202, 1, '2017-01-08 01:32:54', 7, '29.00', '6.00'),
(1203, 1, '2017-01-05 10:45:02', 8, '27.00', '5.00'),
(1204, 1, '2017-01-10 03:31:18', 8, '25.00', '5.00'),
(1205, 3, '2017-01-05 11:31:34', 8, '28.00', '5.00'),
(1206, 1, '2017-01-10 06:22:01', 6, '30.00', '5.00'),
(1207, 3, '2017-01-05 15:56:13', 8, '29.00', '6.00'),
(1208, 2, '2017-01-04 01:47:48', 8, '27.00', '6.00'),
(1209, 2, '2017-01-07 20:46:12', 8, '29.00', '6.00'),
(1210, 3, '2017-01-08 12:41:53', 6, '25.00', '6.00'),
(1211, 3, '2017-01-09 08:48:23', 6, '29.00', '5.00'),
(1212, 1, '2017-01-10 03:26:02', 6, '30.00', '6.00'),
(1213, 1, '2017-01-07 21:00:54', 8, '29.00', '5.00'),
(1214, 1, '2017-01-04 16:54:23', 6, '30.00', '6.00'),
(1215, 3, '2017-01-10 08:31:14', 6, '29.00', '6.00'),
(1216, 3, '2017-01-07 05:08:42', 8, '28.00', '6.00'),
(1217, 2, '2017-01-09 21:34:30', 7, '30.00', '6.00'),
(1218, 1, '2017-01-08 23:36:24', 7, '26.00', '5.00'),
(1219, 2, '2017-01-04 09:40:28', 8, '30.00', '5.00'),
(1220, 3, '2017-01-10 15:16:29', 6, '27.00', '6.00'),
(1221, 2, '2017-01-07 12:58:19', 8, '28.00', '6.00'),
(1222, 2, '2017-01-05 13:27:45', 8, '26.00', '6.00'),
(1223, 3, '2017-01-08 16:10:29', 7, '28.00', '5.00'),
(1224, 2, '2017-01-05 07:57:17', 6, '28.00', '5.00'),
(1225, 1, '2017-01-09 16:46:30', 6, '26.00', '6.00'),
(1226, 3, '2017-01-05 16:56:21', 6, '25.00', '5.00'),
(1227, 2, '2017-01-08 12:38:19', 6, '26.00', '5.00'),
(1228, 1, '2017-01-07 08:37:16', 6, '26.00', '5.00'),
(1229, 1, '2017-01-08 09:56:58', 7, '25.00', '5.00'),
(1230, 1, '2017-01-05 14:56:33', 6, '26.00', '6.00'),
(1231, 2, '2017-01-05 09:41:02', 8, '28.00', '6.00'),
(1232, 2, '2017-01-09 16:20:24', 8, '26.00', '5.00'),
(1233, 2, '2017-01-09 15:51:00', 8, '29.00', '6.00'),
(1234, 2, '2017-01-10 12:29:14', 8, '29.00', '6.00'),
(1235, 1, '2017-01-07 02:04:40', 8, '29.00', '5.00'),
(1236, 2, '2017-01-10 03:20:39', 8, '27.00', '5.00'),
(1237, 1, '2017-01-09 19:20:04', 6, '28.00', '5.00'),
(1238, 2, '2017-01-03 23:50:30', 7, '29.00', '5.00'),
(1239, 3, '2017-01-09 05:37:18', 6, '30.00', '5.00'),
(1240, 1, '2017-01-09 16:52:16', 8, '30.00', '6.00'),
(1241, 2, '2017-01-09 18:15:39', 7, '28.00', '5.00'),
(1242, 2, '2017-01-09 10:49:05', 8, '29.00', '6.00'),
(1243, 3, '2017-01-10 15:10:47', 7, '30.00', '6.00'),
(1244, 1, '2017-01-06 11:55:20', 8, '27.00', '6.00'),
(1245, 3, '2017-01-04 06:03:48', 6, '30.00', '6.00'),
(1246, 3, '2017-01-08 04:38:33', 7, '28.00', '5.00'),
(1247, 2, '2017-01-05 01:29:10', 6, '25.00', '6.00'),
(1248, 2, '2017-01-06 00:10:51', 7, '30.00', '6.00'),
(1249, 1, '2017-01-07 23:31:56', 6, '30.00', '5.00'),
(1250, 1, '2017-01-04 18:55:20', 7, '28.00', '5.00'),
(1251, 3, '2017-01-04 02:37:04', 7, '27.00', '6.00'),
(1252, 2, '2017-01-08 21:35:43', 7, '28.00', '5.00'),
(1253, 2, '2017-01-07 20:03:43', 8, '29.00', '6.00'),
(1254, 3, '2017-01-10 08:42:05', 6, '27.00', '5.00'),
(1255, 3, '2017-01-08 05:26:28', 7, '25.00', '6.00'),
(1256, 1, '2017-01-05 05:19:13', 8, '30.00', '6.00'),
(1257, 1, '2017-01-07 19:11:04', 6, '29.00', '5.00'),
(1258, 3, '2017-01-07 05:18:39', 7, '29.00', '6.00'),
(1259, 1, '2017-01-06 09:27:50', 6, '27.00', '5.00'),
(1260, 2, '2017-01-04 02:14:10', 8, '27.00', '6.00'),
(1261, 1, '2017-01-07 20:22:03', 8, '26.00', '6.00'),
(1262, 2, '2017-01-09 15:54:27', 8, '30.00', '6.00'),
(1263, 3, '2017-01-07 07:33:02', 8, '30.00', '5.00'),
(1264, 1, '2017-01-06 00:33:33', 8, '27.00', '6.00'),
(1265, 2, '2017-01-06 16:06:51', 6, '30.00', '5.00'),
(1266, 1, '2017-01-07 02:13:21', 8, '27.00', '6.00'),
(1267, 3, '2017-01-06 10:21:08', 7, '29.00', '6.00'),
(1268, 2, '2017-01-04 10:26:15', 7, '28.00', '6.00'),
(1269, 3, '2017-01-08 02:08:03', 7, '26.00', '6.00'),
(1270, 1, '2017-01-03 17:21:46', 6, '30.00', '5.00'),
(1271, 2, '2017-01-07 23:46:12', 6, '25.00', '5.00'),
(1272, 3, '2017-01-04 10:57:20', 7, '28.00', '5.00'),
(1273, 1, '2017-01-06 01:46:01', 8, '27.00', '5.00'),
(1274, 1, '2017-01-07 22:55:58', 7, '27.00', '5.00'),
(1275, 2, '2017-01-07 00:10:20', 6, '28.00', '5.00'),
(1276, 1, '2017-01-04 04:30:55', 7, '26.00', '5.00'),
(1277, 3, '2017-01-04 21:52:51', 8, '27.00', '6.00'),
(1278, 3, '2017-01-08 10:26:31', 6, '29.00', '6.00'),
(1279, 2, '2017-01-10 01:23:18', 6, '26.00', '5.00'),
(1280, 1, '2017-01-09 02:27:40', 6, '28.00', '5.00'),
(1281, 1, '2017-01-07 10:39:22', 6, '25.00', '5.00'),
(1282, 1, '2017-01-09 12:44:36', 6, '27.00', '5.00'),
(1283, 3, '2017-01-09 20:58:12', 6, '30.00', '6.00'),
(1284, 3, '2017-01-04 00:04:36', 6, '25.00', '5.00'),
(1285, 1, '2017-01-06 07:02:30', 7, '25.00', '6.00'),
(1286, 3, '2017-01-08 18:20:51', 8, '29.00', '5.00'),
(1287, 1, '2017-01-09 10:18:12', 6, '26.00', '6.00'),
(1288, 1, '2017-01-07 09:07:35', 7, '27.00', '6.00'),
(1289, 2, '2017-01-08 10:52:17', 6, '29.00', '6.00'),
(1290, 2, '2017-01-07 02:12:13', 7, '30.00', '5.00'),
(1291, 2, '2017-01-03 18:05:20', 8, '30.00', '5.00'),
(1292, 1, '2017-01-06 09:48:14', 8, '27.00', '6.00'),
(1293, 3, '2017-01-07 04:43:57', 7, '28.00', '6.00'),
(1294, 1, '2017-01-09 03:46:15', 7, '27.00', '5.00'),
(1295, 3, '2017-01-05 11:47:21', 6, '26.00', '6.00'),
(1296, 1, '2017-01-08 02:17:54', 8, '30.00', '6.00'),
(1297, 3, '2017-01-05 10:16:10', 7, '28.00', '5.00'),
(1298, 2, '2017-01-06 12:42:25', 6, '28.00', '6.00'),
(1299, 1, '2017-01-08 13:48:52', 8, '29.00', '5.00'),
(1300, 1, '2017-01-08 06:20:04', 7, '27.00', '5.00'),
(1301, 1, '2017-01-04 04:13:23', 6, '28.00', '6.00'),
(1302, 3, '2017-01-08 18:34:51', 7, '25.00', '6.00'),
(1303, 2, '2017-01-03 21:54:57', 6, '29.00', '5.00'),
(1304, 1, '2017-01-10 09:51:39', 6, '25.00', '5.00'),
(1305, 2, '2017-01-08 11:08:32', 8, '25.00', '6.00'),
(1306, 1, '2017-01-10 09:44:12', 8, '29.00', '6.00'),
(1307, 2, '2017-01-06 03:06:51', 8, '28.00', '6.00'),
(1308, 1, '2017-01-05 02:11:05', 6, '30.00', '6.00'),
(1309, 1, '2017-01-09 18:13:16', 7, '29.00', '6.00'),
(1310, 3, '2017-01-05 05:48:10', 6, '27.00', '6.00'),
(1311, 1, '2017-01-05 14:15:02', 6, '30.00', '6.00'),
(1312, 3, '2017-01-07 02:35:24', 7, '30.00', '5.00'),
(1313, 3, '2017-01-10 03:01:11', 8, '26.00', '6.00'),
(1314, 2, '2017-01-09 02:32:38', 6, '29.00', '5.00'),
(1315, 3, '2017-01-06 11:51:08', 7, '27.00', '6.00'),
(1316, 3, '2017-01-10 03:47:29', 8, '30.00', '5.00'),
(1317, 2, '2017-01-04 13:52:11', 8, '27.00', '6.00'),
(1318, 2, '2017-01-05 12:51:29', 6, '27.00', '6.00'),
(1319, 1, '2017-01-07 09:39:30', 8, '30.00', '6.00'),
(1320, 1, '2017-01-15 02:59:50', 7, '24.00', '6.00'),
(1321, 1, '2017-01-15 03:00:02', 7, '24.00', '3.00'),
(1322, 1, '2017-01-17 15:35:16', 6, '30.00', '25.00'),
(1323, 1, '2017-01-17 15:35:52', 6, '30.00', '25.00'),
(1324, 1, '2017-01-17 15:35:59', 6, '30.00', '25.00'),
(1325, 1, '2017-02-09 08:48:11', 10, '30.00', '25.00'),
(1326, 1, '2017-02-09 08:48:21', 6, '34.00', '5.00'),
(1327, 1, '2017-02-09 08:49:29', 7, '34.00', '5.00'),
(1328, 1, '2017-02-09 08:49:36', 6, '34.00', '5.00'),
(1329, 1, '2017-02-09 08:50:41', 6, '34.00', '5.00'),
(1330, 1, '2017-02-09 08:51:16', 5, '34.00', '1.00'),
(1331, 1, '2017-02-09 08:51:46', 9, '34.00', '1.00'),
(1332, 1, '2017-02-09 08:57:53', 3, '27.00', '12.00');

--
-- Indexes for dumped tables
--

--
-- Indexes for table `device`
--
ALTER TABLE `device`
  ADD PRIMARY KEY (`device_id`);

--
-- Indexes for table `notif`
--
ALTER TABLE `notif`
  ADD PRIMARY KEY (`id`);

--
-- Indexes for table `users`
--
ALTER TABLE `users`
  ADD PRIMARY KEY (`id`);

--
-- Indexes for table `water_data`
--
ALTER TABLE `water_data`
  ADD PRIMARY KEY (`id`);

--
-- AUTO_INCREMENT for dumped tables
--

--
-- AUTO_INCREMENT for table `device`
--
ALTER TABLE `device`
  MODIFY `device_id` int(11) NOT NULL AUTO_INCREMENT, AUTO_INCREMENT=10;
--
-- AUTO_INCREMENT for table `notif`
--
ALTER TABLE `notif`
  MODIFY `id` int(11) NOT NULL AUTO_INCREMENT, AUTO_INCREMENT=28;
--
-- AUTO_INCREMENT for table `users`
--
ALTER TABLE `users`
  MODIFY `id` int(11) NOT NULL AUTO_INCREMENT, AUTO_INCREMENT=4;
--
-- AUTO_INCREMENT for table `water_data`
--
ALTER TABLE `water_data`
  MODIFY `id` int(11) NOT NULL AUTO_INCREMENT, AUTO_INCREMENT=1333;
/*!40101 SET CHARACTER_SET_CLIENT=@OLD_CHARACTER_SET_CLIENT */;
/*!40101 SET CHARACTER_SET_RESULTS=@OLD_CHARACTER_SET_RESULTS */;
/*!40101 SET COLLATION_CONNECTION=@OLD_COLLATION_CONNECTION */;
